# input_address,,center_lat,40.7128,center_lon,-74.006,utm_zone,32618,bbox_wgs84,"[40.70834714, -74.01198527, 40.71725254, -74.00001394]",tagset_hash,93907903a35866088c5fb64bf40995acdb41bd818110628c364182d312d96954,overpass_url,https://overpass-api.de/api/interpreter,osm_base_ts,2025-09-22T13:36:16Z,id_list_sha256,1ebe597012d0e4e5514920f32c9e79d078f8680c504f4d2235eb4fc595963b44
type,id,lat,lon,name
node,597928298,40.71550810,-74.00924510,Chambers Street
node,889080115,40.71492970,-74.01104790,Twin Cafe
node,889081103,40.71504300,-74.01107100,Verizon
node,889083044,40.71517140,-74.01106430,Kaffe 1668
node,889447583,40.71549620,-74.00624270,N/A
node,889469733,40.71495670,-74.00942390,Le Pain Quotidien
node,889472802,40.71552200,-74.00898300,Starbucks
node,889473084,40.71557500,-74.00885700,The Frederick Hotel
node,889477001,40.71596700,-74.00996360,N/A
node,889585036,40.71561120,-74.01173760,Whole Foods Market
node,1329113669,40.71443850,-74.00288810,Triumph of the Human Spirit
node,1695334087,40.71100850,-74.00900180,Fulton Street
node,1967476778,40.71263880,-74.00668070,City Hall
node,2014092920,40.71328200,-74.00697800,City Hall
node,2024879489,40.71235000,-74.00507020,Brooklyn Bridge–City Hall
node,2035810356,40.71661520,-74.01147150,Chambers Street & Greenwich Street
node,2047269475,40.71019160,-74.00797020,Starbucks
node,2052618392,40.71299210,-74.00382040,Chambers Street
node,2052618395,40.71321810,-74.00916450,Park Place
node,2052618419,40.71081390,-74.00701030,Fulton Street
node,2054217376,40.71066800,-74.01102890,Cortlandt Street
node,2183039962,40.70908630,-74.00905290,Mr. Goods
node,2186522365,40.71323960,-74.01148450,Jasper’s Split Star
node,2432287570,40.71560170,-74.01146670,T-Mobile
node,2632446787,40.71349160,-74.00792470,New Amsterdam Library
node,2807977112,40.70891490,-74.01039320,Red Cube
node,2821326390,40.71177040,-74.00616120,Pace University Bookstore
node,2821326391,40.71168970,-74.00649310,Optimo Cigars
node,2821326392,40.71164330,-74.00668980,Starbucks
node,2821335220,40.71421060,-74.00602800,N/A
node,2821335224,40.71430860,-74.00640880,N/A
node,2823256858,40.71606310,-74.00856980,Bluestone Lane
node,2823256892,40.71517670,-74.00795850,Grocery
node,2823258425,40.71554120,-74.00801810,David Gage String Instruments
node,2823341403,40.71452790,-74.01126510,Target
node,2823341404,40.71539750,-74.01103220,bluemercury
node,2823448500,40.71403000,-74.00885940,Mike & Son Barbershop
node,2824696347,40.70995180,-74.00967580,N/A
node,2824696348,40.70972050,-74.00882380,Optima Beauty Supply
node,2824696370,40.71128840,-74.01027480,Épicerie Boulud
node,2825064871,40.70924340,-74.00788260,Suited
node,2825064883,40.70888770,-74.00540570,NY Brows & Beauty Salon
node,2825064884,40.70891350,-74.00544330,Fulton Supply Hardware
node,2825233200,40.71372790,-74.00843360,Takahachi Bakery
node,2825233330,40.71374400,-74.00507200,Hall des Lumières
node,2897265317,40.70965770,-74.00819920,N/A
node,2897265318,40.70967900,-74.00838210,d Elici
node,2897270433,40.71023820,-74.01064260,The Coffee Bean & Tea Leaf
node,2897876737,40.70927090,-74.00923690,N/A
node,3094612698,40.70873250,-74.00466560,55 Fulton Market
node,3190227166,40.71047520,-74.00759210,Flower World NYC
node,3190242171,40.70969830,-74.00650990,N/A
node,3381640179,40.70896720,-74.01092930,Joie de Vivre
node,3675375843,40.70977500,-74.00663000,7-Eleven
node,3675375844,40.70988870,-74.00687400,N/A
node,3938479922,40.71217900,-74.00818100,Starbucks
node,4015192918,40.70947530,-74.00167730,Franklin Sq El 1881
node,4015418418,40.71036700,-74.01123200,Cortlandt & Church El 1881
node,4015736090,40.71639080,-74.00935190,Morgan's Market
node,4057540459,40.71421290,-74.00837910,Church Street & Warren Street
node,4097207404,40.71123770,-74.01091800,Entrance to Oculus
node,4108495532,40.71090670,-74.00024330,Superfresh
node,4121316394,40.71270030,-74.00293610,5 in 1
node,4121316397,40.71334570,-74.00359150,City Store
node,4289013590,40.71183370,-74.00588150,Benjamin Franklin
node,4312078590,40.71177570,-74.00855720,Wodworth Building
node,4397706291,40.71005610,-74.01192040,Eataly
node,4402057800,40.70963850,-74.00989830,Gap
node,4451140205,40.71602650,-74.00256820,LinkNYC
node,4741335323,40.71081500,-74.01090740,Church Street/Cortland Street
node,4741335324,40.71078610,-74.01083850,Church Street/Cortland Street
node,4741335326,40.71053700,-74.01109450,Church Street/Cortland Street
node,4741335327,40.71050530,-74.01102250,Church Street & Cortland Street
node,4741335329,40.71009880,-74.01130030,Church Street & Liberty Street
node,4741335330,40.71011980,-74.01137310,N/A
node,4741335331,40.70995230,-74.01148180,Church Street/Liberty Street
node,4741335332,40.70994150,-74.01138160,Church Street/Liberty Street
node,4741363705,40.71126920,-74.00881220,Broadway/Vesey Street
node,4741363706,40.71133450,-74.00883020,Broadway & Vesey Street
node,4742692778,40.71274390,-74.00760570,Broadway & Park Place
node,4742692779,40.71269230,-74.00753190,Broadway/Park Place
node,4742692788,40.71231770,-74.00797590,Broadway & Park Place
node,4742692789,40.71226940,-74.00789710,Broadway/Park Place
node,4742692790,40.71214440,-74.00800060,Broadway/Barclay Street
node,4742692791,40.71218730,-74.00809140,Broadway & Barclay Street
node,4742692792,40.71187560,-74.00837240,Broadway & Barclay Street
node,4742692793,40.71184530,-74.00826300,Broadway/Barclay Street
node,4742697045,40.71381070,-74.00674370,Broadway & Warren Street
node,4742697046,40.71376850,-74.00663130,Broadway/Warren Street
node,4742697050,40.71287630,-74.00751380,Broadway & Murray Street
node,4742697051,40.71283470,-74.00740800,Broadway/Murray Street
node,4742717548,40.71386230,-74.00668430,Broadway/Warren Street
node,4742717549,40.71381530,-74.00659350,Broadway/Warren Street
node,4742733152,40.71500800,-74.00573130,Broadway & Reade Street
node,4742733153,40.71485560,-74.00573980,Broadway/Reade Street
node,4742733154,40.71393080,-74.00650010,Broadway/Chambers Street
node,4742733155,40.71396220,-74.00660290,Broadway & Chambers Street
node,4754091356,40.71613680,-74.00475140,Broadway & Worth Street
node,4754091357,40.71610490,-74.00468420,Broadway & Worth Street
node,4754091358,40.71586350,-74.00488850,Broadway & Thomas Street
node,4754091359,40.71589110,-74.00497450,Broadway & Thomas Street
node,4754091361,40.71544400,-74.00536370,Broadway & Thomas Street
node,4754091362,40.71545370,-74.00523550,Broadway/Thomas Street
node,4768361021,40.71011920,-74.00952830,Urban Outfitters
node,4768976021,40.71036350,-74.00776350,DP
node,4822806224,40.70981950,-74.00992510,Barthman's Sidewalk Clock
node,4844109221,40.71160720,-74.00873830,CVS Pharmacy
node,4872760222,40.71004670,-74.00718310,SH Styling Haircutters
node,4900466400,40.70875160,-74.00527090,Midtown Comics Downtown
node,4913112521,40.70908080,-74.00872920,Godiva Chocolatier
node,4913377824,40.70936350,-74.00844990,N/A
node,4922112707,40.71271410,-74.00387080,CB1
node,4927169521,40.70898930,-74.00554850,76 Fulton Convenience
node,4927169622,40.70859290,-74.00461180,N/A
node,4972026327,40.71637480,-74.00705080,Marine and Maritime Art
node,5037321599,40.71275460,-74.00921070,Four Seasons Private Residences New York Downtown;Four Seasons Hotel New York Downtown
node,5056373998,40.70931410,-74.01058680,Double Check
node,5057301845,40.70855640,-74.00951390,N/A
node,5058253773,40.71391310,-74.00596590,Chambers Street & Broadway
node,5058255017,40.71530210,-74.00211740,N/A
node,5058255300,40.71359420,-74.00655770,N/A
node,5083430024,40.71027410,-74.01072250,Big bus desk at century 21 departement store
node,5089272127,40.70929520,-74.00878080,D&J Grocery and Convenience Store
node,5089272128,40.70924810,-74.00880930,Salon De Louie
node,5089313323,40.71018980,-74.00990110,Aldo
node,5101080622,40.71364770,-74.01166690,Moleskine store
node,5101080623,40.71652710,-74.01021600,Gilded Ritual
node,5105725216,40.70979300,-74.01006790,Fulton Street
node,5105725451,40.71235150,-74.01171890,WTC Cortlandt
node,5106075989,40.71354860,-74.00987070,Park Place
node,5106075995,40.70996250,-74.00598570,Fulton Street
node,5106082641,40.70884310,-74.00720980,Fulton Street
node,5106263430,40.71268040,-74.00820740,Park Place
node,5106263522,40.71616170,-74.00858220,Chambers Street
node,5106263523,40.71619630,-74.00866380,Chambers Street
node,5106263524,40.71504190,-74.00973550,Chambers Street
node,5106263525,40.71500600,-74.00965480,Chambers Street
node,5117245053,40.70893010,-74.01079810,Broadway & Thames Street
node,5117245054,40.70864340,-74.01100620,N/A
node,5126272537,40.71305230,-74.00963690,Aroma Espresso Bar
node,5135824730,40.71683390,-74.00630650,Church Street & Worth Street
node,5135853006,40.71423510,-74.00847450,N/A
node,5135853007,40.71512410,-74.00767380,Church Street & Chambers Street
node,5135853008,40.71516350,-74.00774560,N/A
node,5135853009,40.71229920,-74.00985980,Church Street & Vesey Street
node,5135853010,40.71232460,-74.00992460,N/A
node,5163985622,40.71467660,-74.01010620,FranklyWines
node,5178500822,40.71081980,-74.00694680,Nassau Bar
node,5178539221,40.71085140,-74.00688230,Wine & Liquor
node,5180501061,40.71188830,-74.00690350,Park Row & Beekman Street
node,5187108521,40.70950410,-74.00957600,Maiden Lane Wine & Liquor
node,5216470721,40.71685840,-74.00641050,N/A
node,5265719510,40.71529900,-74.00888970,Chambers Street & West Broadway
node,5300027986,40.71241850,-74.00972900,9/11 Cross A Symbol of Hope
node,5307120162,40.70956490,-74.00186250,Frankfort Street & Pearl Street
node,5322770746,40.71358800,-74.00812580,Dark Horse
node,5334051621,40.70873640,-74.00699620,Voyager Espresso
node,5338918830,40.71172370,-74.00663730,Park Row & Spruce Street
node,5356831687,40.71417060,-74.00613120,Chambers Street & Broadway
node,5365369116,40.71032940,-74.00763220,Fulton Street
node,5383989331,40.70912510,-74.00578380,Spa 88
node,5403606012,40.71398880,-74.00913880,Murray Street & Church Street
node,5415646925,40.70990950,-74.00999050,Broadway & Cortlandt Street
node,5415647133,40.71527800,-74.00745290,Hungry Ghost
node,5419520058,40.71471900,-74.00762300,Chambers Street & Church Street
node,5419520827,40.71487620,-74.00772110,Chambers Street & Church Street
node,5431121472,40.71184080,-74.00616030,Park Row & Spruce Street
node,5465519724,40.71054670,-74.00074100,Pearl Street & Robert F Wagner Place
node,5465519995,40.71074240,-74.00085240,Pearl Street & Pearl Street
node,5520366544,40.71416220,-74.00805780,Warren Street & Church Street
node,5523225623,40.70993280,-74.00694210,N/A
node,5530489813,40.71607150,-74.01060490,Chambers Street & Greenwich Street
node,5640186359,40.71713730,-74.00191950,Todd Merrill Studio
node,5640199663,40.71416050,-74.00369980,N/A
node,5640199664,40.71413960,-74.00367050,Hair Justice
node,5641077845,40.71488910,-74.00927600,The Mysterious Bookshop
node,5718026552,40.71034000,-74.00819560,GNC
node,5723718261,40.71530510,-74.00849840,N/A
node,5804893254,40.71665570,-74.00813340,Balloon Saloon
node,5804900567,40.71197790,-74.00660590,Park Row & Spruce Street
node,5804901025,40.71598790,-74.00733870,Duane Street Hotel
node,5891306746,40.70883390,-74.00729210,Real Deal
node,5978556714,40.71189600,-74.00051220,Madison Bagel & Grill
node,5978556722,40.70850850,-74.00720440,N/A
node,5978556724,40.70897500,-74.00686980,FedEx Office
node,5978556725,40.70908610,-74.00701760,Open Kitchen
node,5978556732,40.71124600,-74.00631420,Variety Coffee
node,5978556759,40.70879900,-74.00954160,simply wine
node,5978556764,40.71334400,-74.00830780,The UPS Store
node,5978556766,40.71170380,-74.00857470,AT&T
node,5978556807,40.71021570,-74.00570190,Dante’s
node,5978557687,40.70930910,-74.00681030,BentOn Cafe
node,5978557699,40.71028960,-74.00697660,Ainsworth
node,5978557997,40.70952970,-74.01197380,Lazzaro
node,5978558001,40.70837080,-74.00743010,Starbucks
node,5978558014,40.70916070,-74.01030760,N/A
node,5978558018,40.71244990,-74.00795390,T-Mobile
node,5978558019,40.70979130,-74.00605400,Pride Optical
node,6020091130,40.70840950,-74.00668870,Martin Busch Jewelers
node,6074315900,40.71086540,-74.00592340,Birch Coffee
node,6163555085,40.71335440,-74.00687030,Site of the Beach Pneumatic Subway
node,6179821278,40.70992020,-74.00912180,CoCo Fresh Tea & Juice
node,6262432208,40.70904640,-74.00902150,Millennium Smoke Shop
node,6262957454,40.70974490,-74.00701950,Baked by Melissa
node,6263326882,40.70937910,-74.00866320,Flower World
node,6264476981,40.71050420,-74.00914410,Gong Cha
node,6371402585,40.71541480,-74.00719190,Bon Courage
node,6422403985,40.71140500,-74.01168970,Under Armour
node,6458076485,40.71208590,-74.00987390,The Oculus
node,6573362692,40.71220230,-74.01001700,World Trade Center
node,6636462195,40.71575400,-74.00312800,Starbucks
node,6709715886,40.71172440,-74.01156900,Apple World Trade Center
node,6918550971,40.71470350,-74.00941980,Korin
node,6918687641,40.71484350,-74.00917590,Babesta Cribz
node,6946750328,40.71255510,-74.00371250,Sugar House Prison Window
node,7084166426,40.71505250,-74.00746000,Lot-Less Closeouts
node,7097820974,40.70922280,-74.00553990,Lot-Less Closeouts
node,7097820975,40.70864130,-74.00952350,Federal Reserve Bank of New York
node,7208979011,40.71328620,-74.00664380,The Bridewell
node,7218038702,40.71491610,-74.00796760,Chambers Street
node,7218038717,40.71196050,-74.01013310,World Trade Center
node,7218038718,40.71200630,-74.01023510,World Trade Center
node,7218038804,40.71339330,-74.00928890,Chambers Street
node,7218038834,40.71494090,-74.00796900,Chambers Street
node,7281199874,40.71298220,-74.00450880,Remains of Early New York
node,7460755762,40.70969170,-74.00679860,Fulton Street
node,7460755765,40.71076380,-74.00868040,Fulton Street
node,7475505019,40.71018570,-74.00766380,Fulton Street
node,7613424150,40.71036380,-74.00956970,Fulton Street
node,7613424151,40.70942600,-74.00658580,Fulton Street
node,7630633550,40.71237220,-74.00500090,Brooklyn Bridge–City Hall
node,7630649285,40.71241510,-74.00504910,Brooklyn Bridge–City Hall
node,7636971151,40.70966040,-74.01172540,Cortlandt Street
node,7636971167,40.71111920,-74.01069550,Cortlandt Street
node,7639619374,40.71265900,-74.00430240,Chambers Street
node,7639625987,40.71359710,-74.00306380,Chambers Street
node,7639626088,40.70985410,-74.00812450,Fulton Street
node,7656750826,40.71401750,-74.00637100,City Hall
node,7656750827,40.71266390,-74.00764880,City Hall
node,7712478123,40.71534310,-74.00495580,Manhattan Sentinels
node,7833954999,40.71446020,-74.00809950,N/A
node,7951278063,40.71458590,-74.00393250,N/A
node,8112276466,40.70954220,-74.00741530,Downtown Little School
node,8333736445,40.71563420,-74.00760470,N/A
node,8333736451,40.71571690,-74.00713630,Shop Namira
node,8333736455,40.71523770,-74.00749140,N/A
node,8333736462,40.71261080,-74.00813400,Five & Dime
node,8410411844,40.71344280,-74.00376370,Brooklyn Bridge–City Hall
node,8410411845,40.71341700,-74.00370730,Brooklyn Bridge–City Hall
node,8520809691,40.70919180,-74.00220270,Pearl Street & Frankfort Street
node,8520809693,40.70863750,-74.00290830,Pearl Street & Peck Slip
node,8520809695,40.70905760,-74.00208030,Pearl Street & Peck Slip
node,8644302519,40.71654870,-74.00686760,Barber SPA
node,8644307517,40.71376110,-74.00909400,Starbucks
node,8644307518,40.71494240,-74.00771460,Tribeca Deli Grill
node,8648127019,40.71627080,-74.00971100,Bar 135
node,8648127417,40.71707590,-74.00892280,Tribeca Wine Merchants
node,8648142117,40.71532150,-74.01149110,Archive
node,8653362218,40.71338070,-74.00985940,Ray’s
node,8659562220,40.71209600,-74.00862610,FedEx Office
node,8659562421,40.71177790,-74.00851430,Apple Gourmet
node,8765403717,40.71305130,-74.00845280,Elim Bistro
node,8765413717,40.71448540,-74.00668830,Heavenly Market and Deli
node,8769344417,40.71620670,-74.00847630,Boomerang Toys
node,8769373017,40.71630360,-74.00706980,Church St.
node,8861668918,40.71328930,-74.00964840,Salad Box
node,8883760318,40.71561580,-74.00534000,7-Eleven
node,8883769317,40.71486050,-74.00598290,Starbucks
node,8883769417,40.71520920,-74.00565520,Lot-Less
node,8883795717,40.71677110,-74.00745820,buddha-bar
node,8907677617,40.71351660,-74.00931170,7-Eleven
node,8907680319,40.71503310,-74.00577700,Verizon
node,8907715018,40.71702390,-74.00409710,AT&T
node,9095733851,40.71103290,-74.00693650,"The Beekman, A Thompson Hotel"
node,9148457111,40.71419490,-74.00652060,N/A
node,9149294702,40.71606790,-74.00377260,Civic Deli
node,9368527039,40.71233930,-74.00635140,Nathan Hale
node,9369042328,40.71259340,-74.00478290,N/A
node,9373577363,40.71197890,-74.00756430,New York City Hall Park Medallion
node,9377509611,40.71295660,-74.00361370,Civic Fame
node,9377535428,40.71526660,-74.00279800,Abraham De Peyster
node,9678571409,40.71313480,-74.00751370,N/A
node,9678572794,40.71432640,-74.00676550,N/A
node,9711419117,40.70954400,-74.00858410,Healthy Green Juice Bar
node,9895764919,40.71475940,-74.00263710,N/A
node,9895778345,40.71486130,-74.00253470,N/A
node,9895818118,40.71481380,-74.00273970,N/A
node,9895820117,40.71501640,-74.00275810,N/A
node,9898068953,40.71504510,-74.00260250,N/A
node,9898068954,40.71509920,-74.00245410,N/A
node,9898068967,40.71483670,-74.00288850,N/A
node,9898100734,40.71516840,-74.00288100,N/A
node,9898104917,40.71520260,-74.00259080,N/A
node,9898104918,40.71491570,-74.00274580,N/A
node,9898105017,40.71514770,-74.00293920,N/A
node,9898105117,40.71500710,-74.00290120,N/A
node,9898112617,40.71429800,-74.00321020,N/A
node,9909882063,40.71374110,-74.00329800,Center street/Civic Center
node,9909918518,40.71436700,-74.00270180,N/A
node,9909923621,40.71504270,-74.00240770,Thomas Paine Park
node,9909932812,40.71628660,-74.00139080,N/A
node,9925028917,40.71187440,-74.00561060,N/A
node,9925038274,40.71176870,-74.00576520,N/A
node,9925074790,40.71088400,-74.00374080,N/A
node,9925097517,40.71297400,-74.00060160,N/A
node,10281405366,40.71140170,-74.01101460,sugarfina
node,10281405367,40.71150820,-74.01114340,Michele Lopeiore
node,10281405368,40.71157320,-74.01126040,& Other Stories
node,10281405370,40.71156010,-74.01121780,John Varvatos
node,10281405371,40.71148570,-74.01113220,Hugo Boss
node,10281405372,40.71141410,-74.01106200,Stuart Weltzman
node,10281405373,40.71136490,-74.01098900,Venus et Fleur
node,10281405374,40.71126530,-74.01107730,Sam Edelman
node,10281405375,40.71126390,-74.01108990,Twenty Four New York
node,10281405376,40.71128170,-74.01114300,Longines
node,10281405377,40.71130490,-74.01120520,Pandora
node,10281405378,40.71132940,-74.01127720,Breitling
node,10281405379,40.71135810,-74.01135020,London Jewelers
node,10281405380,40.71146530,-74.01152400,Kingdom Of Sweets
node,10281405381,40.71153830,-74.01164370,COS
node,10281405382,40.71177380,-74.01166890,Épicerie Boulud
node,10281405383,40.71139150,-74.01139610,Kate Spade New York
node,10281405384,40.71134720,-74.01131320,Karma and Luck
node,10281405385,40.71130350,-74.01121780,The Canvas
node,10281405386,40.71145980,-74.01154020,Cole Haan
node,10281405387,40.71151440,-74.01162210,Rebag
node,10281405388,40.71156630,-74.01170950,Casper
node,10281405389,40.71162500,-74.01177970,UGG
node,10285416609,40.70837440,-74.01195810,Astor Cross
node,10290106657,40.71148680,-74.00952880,Bell of Hope
node,10290135856,40.71131140,-74.00888440,N/A
node,10290401175,40.70948500,-74.01161860,Rose III
node,10290705663,40.71681680,-74.01033550,N/A
node,10301699012,40.71082280,-74.01047360,N/A
node,10885572121,40.71430910,-74.00682870,Tribeca Hair Studio
node,11033251571,40.70944840,-74.00188750,N/A
node,11040194101,40.71181190,-74.00321740,N/A
node,11079239442,40.71535510,-74.00955430,Jungle on Mars
node,11079239445,40.71513860,-74.00928890,Galerie Bar
node,11079239446,40.71508320,-74.00933350,lashes Tribeca
node,11079239447,40.71473860,-74.01004830,Cloud Gallery
node,11084115991,40.70942700,-74.00862720,Nassau Gift Shop
node,11084164914,40.70986330,-74.00868930,The Irish American
node,11084166335,40.70933820,-74.00869420,N/A
node,11084168773,40.70935280,-74.00868210,N/A
node,11084168882,40.70921410,-74.00884310,Simpl Coffee Shop
node,11084182351,40.70924740,-74.00894500,Jacob Shoe Repair
node,11084194601,40.70902400,-74.00903540,K & M Shoe Repair
node,11119828688,40.70986840,-74.00904650,NYC Smoke Shop Vape Shop
node,11119832047,40.71004000,-74.00999630,NY Gifts & Luggage
node,11119833398,40.70973380,-74.00961190,Matto Espresso
node,11119833399,40.70965240,-74.00944300,Mr. Goods
node,11119844597,40.70933890,-74.00933410,N/A
node,11119847161,40.70967110,-74.00875990,Tutto Calcio Espresso Bar
node,11119847162,40.70950980,-74.00822670,Quick Pick
node,11119847348,40.70967650,-74.00949270,Jeeter Juice
node,11119850847,40.71009520,-74.00905030,Christian Science Reading Room
node,11119857952,40.70957620,-74.00864350,Leather Spa
node,11119862888,40.70982050,-74.00897480,QB HOUSE
node,11119865053,40.70990140,-74.00909350,Mr. Exotix
node,11119866371,40.70965490,-74.00843240,Salt & Pepper
node,11119879312,40.70948440,-74.00818600,Matto Espresso
node,11119879446,40.70946090,-74.00814450,Eyebrow Zone
node,11154797203,40.71589120,-74.01031070,Venustella
node,11154850931,40.71604680,-74.01011270,Smoke Shop
node,11155027418,40.71598040,-74.01054910,Yuya Nail & Spa
node,11157761475,40.71006870,-74.00721990,Drago Shoe Repair
node,11157771660,40.71068280,-74.00738630,Skullfade Barbers
node,11157784957,40.71088890,-74.00683070,Pace Gourmet Deli
node,11159545354,40.71000510,-74.00785440,N/A
node,11159613709,40.70974180,-74.00811510,De Janeiro
node,11159614400,40.70990550,-74.00795170,N/A
node,11159616315,40.71003510,-74.00782350,Nassau Street Convenience
node,11159619299,40.70963210,-74.00823530,N/A
node,11159622326,40.70971110,-74.00814540,Penguini
node,11159622543,40.71069420,-74.00774980,Spring Garden Spa
node,11159624225,40.70960110,-74.00826360,N/A
node,11159626162,40.70982590,-74.00803740,N/A
node,11159630810,40.71107150,-74.00862610,Zara
node,11159632146,40.70997230,-74.00788260,Only Nails
node,11159633373,40.70979750,-74.00806520,The UPS Store
node,11159636108,40.71003590,-74.00780720,I. Calderon Locksmith
node,11159636109,40.71003480,-74.00780550,88 Spa
node,11159638766,40.71045160,-74.00762950,NY Brows & Threading Salon
node,11159643707,40.71056640,-74.00752180,Xpress Lane Pharmacy
node,11159644334,40.71067990,-74.00954130,Anthropologie
node,11159645640,40.71026390,-74.00983740,N/A
node,11159647051,40.71042630,-74.00765290,Meet U Nails & Spa
node,11159648528,40.71039840,-74.00769250,Tansey Tang
node,11159652562,40.70859750,-74.01076100,N/A
node,11159654151,40.71073920,-74.00748010,N/A
node,11159657657,40.71066010,-74.00768550,Ann Cleaners
node,11175632997,40.71422670,-74.00872440,N/A
node,11175657804,40.71406510,-74.00883120,Lashlove
node,11175663610,40.71211340,-74.00989490,World of Gifts
node,11175673793,40.71418050,-74.00875660,Sunshine Nails Spa
node,11175679925,40.71346220,-74.00935040,New City Smoke Shop
node,11175680754,40.71426710,-74.00869500,Birch Coffee
node,11222032518,40.71102070,-74.00543910,Spruce Street School
node,11222538804,40.71390840,-74.00676570,De Janeiro
node,11241826715,40.71460440,-74.00751250,Y.O.L.O. Exotics & Vapes
node,11241869768,40.71499010,-74.00766700,Barakth & Saiful
node,11241869769,40.71517110,-74.00753490,Jubilee Smoke & Vape
node,11241888330,40.71477160,-74.00731070,European Wax Center
node,11241896007,40.71459780,-74.00693180,B&H Jewelry
node,11241902240,40.71458200,-74.00689760,Chambers Street Wines
node,11255887063,40.71002770,-74.00711660,Blue Haven
node,11255923989,40.70998680,-74.00703530,N/A
node,11258524636,40.71656890,-74.00975400,Stella
node,11258712043,40.71649720,-74.01016210,Naturino
node,11258767163,40.71635470,-74.00985810,Jack's Stir Brew Coffee
node,11258782637,40.71513370,-74.00815320,Chun Yang
node,11258790864,40.71685590,-74.01040310,Metal Alchemist
node,11258791239,40.71662510,-74.01068550,Koh's Kids
node,11308530451,40.71187740,-74.01093310,N/A
node,11308590231,40.71577800,-74.00917900,Tribeca Plate
node,11329608814,40.71575640,-74.00683910,Happy Tails
node,11329608815,40.71572530,-74.00677320,N/A
node,11329618004,40.71559560,-74.00720890,N/A
node,11329634799,40.71562410,-74.00718720,Rainbow Cast Nails & Spa
node,11329642486,40.71566590,-74.00781390,Heyday
node,11329804630,40.71710850,-74.00818860,Clic
node,11349528485,40.71154090,-74.00475970,N/A
node,11349528486,40.71153300,-74.00460720,N/A
node,11349528570,40.71121150,-74.00411140,Frankfort Street & William Street
node,11372507963,40.71007690,-74.00755140,N/A
node,11380040082,40.71328680,-74.00402720,Centre Street & Chambers Street
node,11411546936,40.71168450,-74.00852100,N/A
node,11411546945,40.71260430,-74.00952110,N/A
node,11411576753,40.71258480,-74.00898270,N/A
node,11411576836,40.71282260,-74.00879580,N/A
node,11445034900,40.71515380,-74.00568970,Matto Espresso
node,11460962951,40.71308460,-74.00926760,Church Street & Park Place
node,11464612473,40.71647460,-74.01114710,N/A
node,11501412416,40.71124950,-74.00039450,N/A
node,11501440482,40.71140470,-74.00044140,N/A
node,11503416370,40.71035760,-74.00086770,N/A
node,11503466085,40.71549080,-74.00265980,N/A
node,11503466088,40.71539520,-74.00247230,Worth Street & Centre Street
node,11509114969,40.70956600,-74.00979510,Residence Inn
node,11515468919,40.71398590,-74.00883480,N/A
node,11515468929,40.71401890,-74.00853590,Church Street & Murray Street
node,11517180545,40.71575660,-74.00961040,Chambers Street & Hudson Street
node,11577684936,40.71194610,-74.00949630,N/A
node,11577698593,40.71296510,-74.00977890,Ole & Steen
node,11600726673,40.71630350,-74.00203780,N/A
node,11600726727,40.71724920,-74.00174380,N/A
node,11629287173,40.70918900,-74.00781110,Zizi's Wine Bar
node,11659815869,40.71092610,-74.01034620,Starbucks
node,11727266112,40.71200000,-74.00859200,Glo Spa
node,12015433443,40.70995870,-74.01012040,Watch & Jewelry Repair
node,12022143172,40.71561530,-74.00650970,Bureau
node,12102901861,40.71579940,-74.01090940,Joe & The Juice
node,12152923156,40.71538270,-74.00779470,N/A
node,12152923157,40.71534840,-74.00782200,Palette Nails Studio
node,12152923158,40.71531400,-74.00784930,Eden House Spa
node,12152923159,40.71527970,-74.00787660,Unique Shape
node,12152923160,40.71524540,-74.00790390,Smoke Beer & Lotto
node,12152923161,40.71521100,-74.00793120,City Hall Fine Wines
node,12154623892,40.71495460,-74.00827540,Alto Cannabis Dispensary
node,12193120402,40.71075900,-74.01045300,MĒRCER LABS
node,12300169234,40.70962870,-74.00869900,The Artezen
node,12333159896,40.71456410,-74.00685870,Unlimited Biking
node,12334337565,40.71325240,-74.00748600,Murray Street & Broadway
node,12334447721,40.71456570,-74.01035600,Murray Street & West Broadway
node,12334465877,40.71274060,-74.00831850,Park Place & Broadway
node,12336929072,40.71258580,-74.00962690,Church Street & Barclay Street
node,12336929073,40.71195500,-74.01010940,Church Street & Vesey Street
node,12336929074,40.71176820,-74.01021550,Church Street & Fulton Street
node,12337017196,40.71562570,-74.01129570,Warren Street & Greenwich Street
node,12337044641,40.71175250,-74.00756380,Park Row & Beekman Street
node,12337245884,40.71344360,-74.00897240,Church Street & Park Place
node,12338866541,40.71163150,-74.00857660,N/A
node,12352274251,40.70938370,-74.00355560,Lillian Grolitzer Community Room
node,12353445012,40.70958510,-74.01033350,Broadway & Cortlandt Street
node,12353566697,40.70953660,-74.01169100,Trinity Place & Liberty Street
node,12353606020,40.70868040,-74.01104360,Broadway & Thames Street
node,12353638482,40.70932180,-74.01052460,Broadway & Liberty Street
node,12353639503,40.70921870,-74.01190730,Trinity Place & Cedar Street
node,12459804124,40.71497690,-74.00583410,Broadway Spirits
node,12488328081,40.71492300,-74.00767320,N/A
node,12492477966,40.71468930,-74.00770580,N/A
node,12695927972,40.71451320,-74.00583600,Royal Green
node,12696713240,40.71509620,-74.00855950,Hector's Fine Jewlery
node,12919485488,40.70924840,-74.00343990,Lillian Grolitzer Community Room
way,22926980,40.71702930,-74.01164320,Washington Market Park
way,25026338,40.70923140,-74.01125390,Zuccotti Park
way,53189828,40.70910790,-74.00502780,DeLury Square
way,66374787,40.71509300,-74.00005270,Columbus Park
way,75309476,40.71283220,-74.00914770,Four Seasons Private Residences New York Downtown
way,75363809,40.71245410,-74.00833420,Woolworth Building
way,108153375,40.71629600,-74.00185590,Collect Pond Park
way,109330342,40.71142260,-74.00037490,James Madison Plaza
way,109458133,40.71384800,-74.00005160,N/A
way,109473848,40.71087850,-74.00562430,N/A
way,124814434,40.71590730,-74.00916510,Bogardus Plaza
way,147035202,40.71716260,-74.00940720,Duane Park
way,161026132,40.71370950,-73.99975150,Chatham Towers
way,164417588,40.71462830,-74.00025110,N/A
way,222381294,40.71039980,-73.99864980,Alfred E. Smith Houses
way,250269533,40.71578570,-74.00583170,Tribeca Tower
way,250269535,40.71469830,-74.00625600,N/A
way,250269559,40.71664040,-74.00485320,N/A
way,277881195,40.71584210,-74.00803750,N/A
way,277881282,40.71553580,-74.00822710,Reade Court Condominium
way,277890473,40.71461840,-74.01017530,Corner Gourmet 2
way,277890483,40.71565650,-74.01213860,N/A
way,277890500,40.71472080,-74.01030440,Pure Green Cleaners
way,277890502,40.71571590,-74.01014880,TriBeCa Hardware
way,277904717,40.71222060,-74.00914780,Barclay Tower
way,277904719,40.71193330,-74.00920190,New York County Lawyers Association
way,277904751,40.71085490,-74.00839610,N/A
way,277904752,40.71131530,-74.00919640,Saint Paul's Chapel
way,278039445,40.71113010,-74.01021660,Millennium
way,278042243,40.70907730,-74.00922070,Holiday Inn
way,278078887,40.70959220,-74.00706520,N/A
way,278078888,40.70967640,-74.00711280,N/A
way,278078909,40.70872980,-74.00574700,Gold Street Apartments
way,278078930,40.71116240,-74.00779450,Park Row Building
way,278078943,40.70981140,-74.00737700,19 Dutch
way,278078945,40.71127450,-74.00739820,25 Park Row
way,278078952,40.70898590,-74.00726410,Five Nine John Lofts
way,278079559,40.70844580,-74.00566710,15 Cliff Street
way,278079600,40.70853780,-74.00519280,Exhibit
way,278084860,40.70850530,-74.00104870,N/A
way,278084866,40.70890110,-74.00203150,Hampton Inn Manhattan-Seaport-Financial District
way,278084941,40.70864460,-74.00193120,The Peck Slip School
way,278087101,40.70898470,-74.00275460,N/A
way,278087102,40.70871820,-74.00345090,N/A
way,278087814,40.70907120,-74.00410870,N/A
way,278087815,40.70961170,-74.00452450,N/A
way,278093232,40.71454880,-74.00798680,30 Warren
way,278105947,40.71246190,-73.99989110,Chatham Green
way,278112881,40.71072250,-74.00020710,N/A
way,278112883,40.71005600,-74.00021020,N/A
way,285940922,40.71729750,-74.00114780,N/A
way,292688453,40.70982420,-74.00387500,N/A
way,292688454,40.70954920,-74.00247400,N/A
way,292688455,40.70913200,-74.00466600,N/A
way,292688456,40.70877430,-74.00464770,N/A
way,292688457,40.70941870,-74.00369380,N/A
way,292727024,40.71040990,-74.00667010,Aloft Manhattan Downtown
way,292727027,40.71487640,-74.00705840,Reade Chambers
way,292727035,40.71116140,-74.00586910,N/A
way,301752226,40.71089180,-74.00740680,The Lara
way,313108297,40.70842000,-74.00077010,N/A
way,370169588,40.70834380,-74.00799840,N/A
way,372732552,40.71545030,-74.00359230,N/A
way,372732569,40.71492520,-74.00335820,N/A
way,372732572,40.71518390,-74.00366270,N/A
way,372732578,40.71541110,-74.00336820,N/A
way,373008435,40.71611550,-74.00200230,N/A
way,373008436,40.71653630,-74.00166200,N/A
way,373008437,40.71616080,-74.00160460,N/A
way,373008438,40.71643510,-74.00211560,N/A
way,375157262,40.70569130,-73.99635660,Brooklyn Bridge
way,375369088,40.70900180,-74.00809690,N/A
way,375369089,40.70914600,-74.00823120,N/A
way,410301162,40.71240240,-74.00298180,N/A
way,410301164,40.71264170,-74.00251120,N/A
way,410303209,40.71115910,-74.00164040,Murry Bergtraum High School for Business Careers
way,413055246,40.71288410,-74.00608450,City Hall Park
way,453456965,40.71579210,-74.00618100,Tribeca Tower Courtyard
way,464132768,40.71518610,-74.00042060,N/A
way,498671779,40.71105190,-74.00409490,Drumgoole Plaza
way,507381688,40.70851850,-74.00403420,N/A
way,512131368,40.70939840,-74.00659930,"Fulton Street (2,3)"
way,512131385,40.71022770,-74.00773950,"Fulton Street (A,C)"
way,512131404,40.71042380,-74.00744700,"Fulton Street (J,Z)"
way,512131405,40.71027450,-74.00766780,"Fulton Street (J,Z)"
way,512380298,40.71036450,-74.00949990,"Fulton Street (4,5)"
way,512380308,40.71042360,-74.00958310,"Fulton Street (4,5)"
way,515665870,40.71311460,-74.00903790,"Park Place (2,3)"
way,515665874,40.71273920,-74.00960010,World Trade Center
way,515665875,40.71416680,-74.00862840,Chambers Street
way,575213949,40.71296200,-74.00491690,Horace Greeley
way,607827027,40.70928670,-74.00350690,Southbridge Towers
way,763268998,40.71357820,-74.00333510,Jury Duty
way,888695656,40.71154130,-74.00824350,N/A
way,888695658,40.71174910,-74.00809410,N/A
way,888695659,40.71160500,-74.00789350,Millenium Park
way,888695661,40.71206360,-74.00738290,N/A
way,888695672,40.71233380,-74.00463930,N/A
way,888695673,40.71250610,-74.00462970,N/A
way,888695680,40.71229970,-74.00339050,N/A
way,890862747,40.71031080,-74.00058540,N/A
way,890862858,40.70906210,-74.00133350,Fishbridge Park Garden
way,891074475,40.71042360,-74.00423970,N/A
way,891074476,40.71057730,-74.00406180,N/A
way,891074490,40.71043260,-74.00580950,N/A
way,893536647,40.71697210,-74.01105530,N/A
way,893841609,40.71632860,-74.00544030,N/A
way,894321724,40.71431310,-74.00068140,N/A
way,894321727,40.71459480,-74.00060010,N/A
way,905647488,40.71308210,-74.00361420,"Chambers Street (J,Z)"
way,905647491,40.71316490,-74.00375780,"Chambers Street (J,Z)"
way,905647492,40.71287400,-74.00434270,"Brooklyn Bridge-City Hall (4,5,6,<6>)"
way,905647493,40.71293110,-74.00442720,"Brooklyn Bridge-City Hall (4,5,6,<6>)"
way,907106430,40.71562610,-74.00921920,Chambers Street
way,907106431,40.71557550,-74.00909940,Chambers Street
way,907110754,40.71170270,-74.01207920,WTC-Cortlandt
way,907110755,40.71167250,-74.01197100,WTC-Cortlandt
way,907568226,40.70775130,-74.01176460,Wall Street
way,907577403,40.71041340,-74.01126660,Cortlandt Street
way,907577404,40.71036870,-74.01115420,Cortlandt Street
way,907577713,40.71334030,-74.00700990,City Hall
way,986104556,40.71434440,-74.00016050,N/A
way,986104569,40.71464950,-74.00036550,N/A
way,989905649,40.71283010,-74.00727840,City Hall Oasis
way,1015136717,40.71161280,-74.00452290,N/A
way,1015136726,40.71273680,-74.00444590,N/A
way,1015670140,40.71250160,-74.00658040,N/A
way,1015670142,40.71218720,-74.00754800,N/A
way,1015670144,40.71192150,-74.00737700,N/A
way,1015670145,40.71210920,-74.00690690,N/A
way,1015670150,40.71221840,-74.00602410,N/A
way,1015670151,40.71279860,-74.00715100,N/A
way,1015701489,40.71276560,-74.00506590,N/A
way,1015701564,40.71234400,-74.00544030,N/A
way,1015701566,40.71280120,-74.00555330,N/A
way,1015701567,40.71309120,-74.00608930,N/A
way,1015701570,40.71311290,-74.00594900,N/A
way,1015701571,40.71295940,-74.00559420,N/A
way,1015701577,40.71307350,-74.00693290,N/A
way,1015701578,40.71323160,-74.00656280,N/A
way,1015701579,40.71348150,-74.00657130,N/A
way,1015701582,40.71244990,-74.00530170,N/A
way,1015701584,40.71284940,-74.00499910,N/A
way,1015725246,40.71142340,-74.00104050,N/A
way,1015725247,40.71133050,-74.00103670,N/A
way,1015725249,40.71123960,-74.00105680,N/A
way,1015725257,40.71315940,-74.00492400,N/A
way,1016246201,40.71333950,-74.00470580,N/A
way,1016246202,40.71328830,-74.00459750,N/A
way,1016246203,40.71393460,-74.00601510,N/A
way,1016246213,40.71364620,-74.00546450,N/A
way,1016246214,40.71357020,-74.00529360,N/A
way,1016246219,40.71370990,-74.00572790,N/A
way,1016246221,40.71337760,-74.00510630,N/A
way,1016246223,40.71310690,-74.00544190,N/A
way,1016246230,40.71335210,-74.00593160,N/A
way,1016246233,40.71368900,-74.00620460,N/A
way,1016693505,40.71351790,-74.00322510,N/A
way,1017512896,40.71237180,-74.00423920,N/A
way,1017512897,40.71249550,-74.00438620,N/A
way,1018049322,40.71348890,-74.00161310,N/A
way,1018049328,40.71317800,-74.00271900,N/A
way,1018049330,40.71304060,-74.00273230,N/A
way,1018049331,40.71321240,-74.00248940,N/A
way,1018049332,40.71324770,-74.00234370,N/A
way,1018049334,40.71339890,-74.00284150,N/A
way,1018049335,40.71307410,-74.00265680,N/A
way,1018049373,40.71238860,-74.00403670,N/A
way,1081236443,40.71370950,-73.99997640,N/A
way,1081236447,40.71352720,-74.00006300,N/A
way,1082981993,40.71183350,-74.00537520,N/A
way,1104125894,40.71044260,-74.00891890,Fulton Center
way,1117958306,40.70852080,-74.00471490,N/A
way,1117958307,40.70863780,-74.00480720,N/A
way,1117958308,40.70882240,-74.00496090,N/A
way,1123796382,40.71077070,-74.00360170,N/A
way,1124734562,40.70843170,-74.01144780,Soldiers' Monument
way,1125256566,40.71144930,-74.00946100,N/A
way,1125289235,40.70923240,-74.01158040,N/A
way,1125289241,40.70918890,-74.01088790,N/A
way,1126100175,40.71179440,-74.00680060,N/A
way,1126100176,40.71181910,-74.00669940,N/A
way,1126100177,40.71187170,-74.00648830,N/A
way,1126100178,40.71189550,-74.00639390,N/A
way,1126100205,40.71041660,-74.01001500,185 Broadway
way,1126100224,40.71020220,-74.00955900,N/A
way,1126410101,40.70972280,-74.01027840,N/A
way,1126410112,40.70960590,-74.01036910,N/A
way,1126410116,40.70947470,-74.01047420,N/A
way,1126410119,40.70935480,-74.01056690,N/A
way,1126410142,40.70935930,-74.01072140,N/A
way,1126410146,40.70940820,-74.01082460,N/A
way,1126410149,40.70947330,-74.01096950,N/A
way,1126410152,40.70965380,-74.01136690,N/A
way,1126410162,40.70944070,-74.01089700,N/A
way,1126410163,40.70957240,-74.01118750,N/A
way,1126410164,40.70960520,-74.01126010,N/A
way,1126410168,40.70953990,-74.01111520,N/A
way,1126410180,40.70975410,-74.01144180,N/A
way,1126410183,40.70987110,-74.01135200,N/A
way,1126410186,40.71000440,-74.01124650,N/A
way,1126410189,40.71011890,-74.01115840,N/A
way,1126410212,40.71004140,-74.01072370,N/A
way,1126410213,40.70997570,-74.01057860,N/A
way,1126410224,40.71005880,-74.01090880,N/A
way,1126410227,40.70985720,-74.01046430,N/A
way,1126410246,40.70932080,-74.01148270,N/A
way,1126410247,40.70915250,-74.01112600,N/A
way,1126410248,40.70913010,-74.01094330,N/A
way,1126606172,40.71133870,-74.01038880,N/A
way,1126606174,40.71129510,-74.01042160,N/A
way,1126606176,40.71131310,-74.01033810,N/A
way,1126606178,40.71127070,-74.01037160,N/A
way,1180129073,40.71194720,-74.00305690,N/A
way,1188140022,40.70888870,-74.00008910,N/A
way,1188140023,40.70985480,-74.00083220,Robert Wagner Greenstreet
way,1188140045,40.70977550,-74.00117880,N/A
way,1188167865,40.70888590,-74.00109510,N/A
way,1190239172,40.70953400,-74.01012220,N/A
way,1220393303,40.71587020,-74.00929800,N/A
way,1220393304,40.71595670,-74.00929630,N/A
way,1220393310,40.71605960,-74.00927520,N/A
way,1220393311,40.71591130,-74.00908920,N/A
way,1220393314,40.71604010,-74.00910410,N/A
way,1221210427,40.71720130,-74.00932740,N/A
way,1221210429,40.71715620,-74.00943140,N/A
way,1222906811,40.70836550,-74.00458420,N/A
way,1222906820,40.70836730,-74.00356870,N/A
way,1222906821,40.70840510,-74.00360240,N/A
way,1222906822,40.70845190,-74.00364300,N/A
way,1222906823,40.70849740,-74.00368050,N/A
way,1222906824,40.70854290,-74.00372080,N/A
way,1222906825,40.70859010,-74.00376210,N/A
way,1222906826,40.70863600,-74.00380300,N/A
way,1222906827,40.70868270,-74.00384290,N/A
way,1222906828,40.70875100,-74.00383540,N/A
way,1222906829,40.70870430,-74.00379450,N/A
way,1222906830,40.70865930,-74.00375470,N/A
way,1222906831,40.70861470,-74.00372000,N/A
way,1222906832,40.70874010,-74.00376170,N/A
way,1222906839,40.70890800,-74.00366130,N/A
way,1222906842,40.70870440,-74.00359710,N/A
way,1222906846,40.70846820,-74.00349000,N/A
way,1222906852,40.70848800,-74.00325370,N/A
way,1222906853,40.70858590,-74.00311580,N/A
way,1222906858,40.70872120,-74.00290660,N/A
way,1223057857,40.70855880,-74.00479850,N/A
way,1223057858,40.70862070,-74.00485140,N/A
way,1223057859,40.70872070,-74.00492530,N/A
way,1223057864,40.70897810,-74.00516260,N/A
way,1223057865,40.70893610,-74.00511620,N/A
way,1223057866,40.70883300,-74.00502680,N/A
way,1223057873,40.70917900,-74.00526350,N/A
way,1223057874,40.70922370,-74.00522110,N/A
way,1223057881,40.70903430,-74.00514710,N/A
way,1223057883,40.70902590,-74.00495910,N/A
way,1223057884,40.70899130,-74.00490500,N/A
way,1223057885,40.70916060,-74.00501770,N/A
way,1223121915,40.70880760,-74.00424660,N/A
way,1223121920,40.70916660,-74.00378640,N/A
way,1223121931,40.70922540,-74.00288990,N/A
way,1223121932,40.70954370,-74.00327450,N/A
way,1223121933,40.70962800,-74.00351760,N/A
way,1223121934,40.70945460,-74.00325050,N/A
way,1223121943,40.70983560,-74.00365930,N/A
way,1223121944,40.71002240,-74.00403790,N/A
way,1223121950,40.70971120,-74.00263010,N/A
way,1223373410,40.70948580,-74.00482220,N/A
way,1223373414,40.70968640,-74.00457110,N/A
way,1223373415,40.70985420,-74.00439240,N/A
way,1223373422,40.71061700,-74.00319730,N/A
way,1223373423,40.71056930,-74.00313470,N/A
way,1223373424,40.71042290,-74.00294920,N/A
way,1223373425,40.71037620,-74.00288770,N/A
way,1223373426,40.71022260,-74.00270210,N/A
way,1223373427,40.71013200,-74.00258510,N/A
way,1223373428,40.71008920,-74.00253110,N/A
way,1223373429,40.71010070,-74.00262260,N/A
way,1223373430,40.71018850,-74.00273810,N/A
way,1223373438,40.70964860,-74.00215410,N/A
way,1223373440,40.70947010,-74.00210670,N/A
way,1223373448,40.70947180,-74.00235130,N/A
way,1223373449,40.70950540,-74.00240930,N/A
way,1223373457,40.70926250,-74.00237860,N/A
way,1223373458,40.70901860,-74.00254440,N/A
way,1223373460,40.70894640,-74.00270040,N/A
way,1223373463,40.70885880,-74.00274980,N/A
way,1223381172,40.71074920,-74.00536740,N/A
way,1223381178,40.71085330,-74.00526620,N/A
way,1223381179,40.71078070,-74.00515020,N/A
way,1223381188,40.71068660,-74.00532180,N/A
way,1223381198,40.71047430,-74.00573840,N/A
way,1223381199,40.71052940,-74.00566660,N/A
way,1223381200,40.71052940,-74.00579560,N/A
way,1223381201,40.71058110,-74.00585170,N/A
way,1223381202,40.71029890,-74.00577340,N/A
way,1223524035,40.71034150,-74.00585650,N/A
way,1223524036,40.71038810,-74.00582010,N/A
way,1223524037,40.71045130,-74.00578020,N/A
way,1223524043,40.71054660,-74.00589100,N/A
way,1223524045,40.71115000,-74.00609580,N/A
way,1223524046,40.71097760,-74.00598940,N/A
way,1223524047,40.71106150,-74.00585020,N/A
way,1223524048,40.71108040,-74.00598800,N/A
way,1223524049,40.71128030,-74.00580490,N/A
way,1223524050,40.71125140,-74.00565580,N/A
way,1223524051,40.71113550,-74.00572210,N/A
way,1223524058,40.71118660,-74.00540420,N/A
way,1223524059,40.71113310,-74.00534770,N/A
way,1223524060,40.71129450,-74.00551720,N/A
way,1223524061,40.71134830,-74.00557370,N/A
way,1223524062,40.71139520,-74.00562210,N/A
way,1223577673,40.71178350,-74.00578550,N/A
way,1223577674,40.71185060,-74.00567940,N/A
way,1223577675,40.71181940,-74.00573020,N/A
way,1223577676,40.71189060,-74.00550950,N/A
way,1223577677,40.71191080,-74.00537550,N/A
way,1223577678,40.71190130,-74.00544030,N/A
way,1223577682,40.71166480,-74.00562400,N/A
way,1223577709,40.71116300,-74.00413050,N/A
way,1223577710,40.71112310,-74.00421140,N/A
way,1223577713,40.71104890,-74.00417140,N/A
way,1223577715,40.71085250,-74.00393450,N/A
way,1223577716,40.71084270,-74.00376610,N/A
way,1223577717,40.71075520,-74.00381770,N/A
way,1223577721,40.71141700,-74.00443690,N/A
way,1223577722,40.71105190,-74.00387040,N/A
way,1223577723,40.71111480,-74.00396870,N/A
way,1223577724,40.71117620,-74.00406490,N/A
way,1223577725,40.71123690,-74.00416070,N/A
way,1223577726,40.71129180,-74.00424560,N/A
way,1223577736,40.71042270,-74.00424010,N/A
way,1223662485,40.70864150,-74.01049420,N/A
way,1223662486,40.70853660,-74.01033180,N/A
way,1223662488,40.70843060,-74.01016910,N/A
way,1223662490,40.70832510,-74.01000830,N/A
way,1223662542,40.70837920,-74.00933780,N/A
way,1225536029,40.70914600,-74.00823120,N/A
way,1225536039,40.70899400,-74.00809690,N/A
way,1226598262,40.70909900,-74.00635060,130 William
way,1226598268,40.70925950,-74.00658180,N/A
way,1226598270,40.70923300,-74.00653120,N/A
way,1226598272,40.70920700,-74.00648130,N/A
way,1226598274,40.70918090,-74.00643140,N/A
way,1226598276,40.70915590,-74.00652980,N/A
way,1226598277,40.70918110,-74.00657920,N/A
way,1226598278,40.70921020,-74.00663650,N/A
way,1226598279,40.70911660,-74.00656420,N/A
way,1226598280,40.70913940,-74.00661780,N/A
way,1226598282,40.70911700,-74.00671640,N/A
way,1226598284,40.70906270,-74.00661280,N/A
way,1226598285,40.70913180,-74.00648420,N/A
way,1226598296,40.70851750,-74.00498010,N/A
way,1226598297,40.70857900,-74.00503420,N/A
way,1226598298,40.70863410,-74.00507810,N/A
way,1226598299,40.70870350,-74.00513710,N/A
way,1226612032,40.70955100,-74.00521520,N/A
way,1226646299,40.71077260,-74.00776800,N/A
way,1226646300,40.71050670,-74.00817260,N/A
way,1226764941,40.70849240,-74.00203080,N/A
way,1226764942,40.70842570,-74.00196120,N/A
way,1226764948,40.70860330,-74.00134880,N/A
way,1226764949,40.70858010,-74.00139730,N/A
way,1226764950,40.70863490,-74.00128460,N/A
way,1226764951,40.70845390,-74.00165530,N/A
way,1226764952,40.70848360,-74.00159080,N/A
way,1226764954,40.70894430,-74.00153560,N/A
way,1226764955,40.70927040,-74.00177870,N/A
way,1226764956,40.70910420,-74.00199420,N/A
way,1226764961,40.70860840,-74.00116220,N/A
way,1226764962,40.70841330,-74.00155460,N/A
way,1226764969,40.70843150,-74.00060270,N/A
way,1226764970,40.70848010,-74.00063650,N/A
way,1226764971,40.70852750,-74.00067160,N/A
way,1226764972,40.70857940,-74.00070810,N/A
way,1228475058,40.71494170,-74.00209170,N/A
way,1228475059,40.71486660,-74.00212760,N/A
way,1228475060,40.71478470,-74.00215840,N/A
way,1228475061,40.71467360,-74.00219090,N/A
way,1228475064,40.71477960,-74.00202810,Wedding Garden
way,1228475065,40.71488490,-74.00198750,N/A
way,1228475066,40.71485240,-74.00177880,N/A
way,1228547827,40.71433220,-74.00087060,N/A
way,1228547829,40.71402080,-74.00088020,N/A
way,1228547831,40.71417040,-74.00078010,N/A
way,1228547832,40.71412760,-74.00081700,N/A
way,1228547833,40.71408100,-74.00085670,N/A
way,1228547834,40.71403430,-74.00089710,N/A
way,1228547835,40.71398910,-74.00093620,N/A
way,1228547836,40.71394010,-74.00097810,N/A
way,1228547838,40.71397740,-74.00128700,N/A
way,1228547841,40.71401630,-74.00192380,N/A
way,1228547858,40.71412830,-74.00013190,N/A
way,1228926946,40.71262610,-74.00205950,N/A
way,1228926948,40.71274240,-74.00159280,N/A
way,1228926961,40.71279640,-74.00121660,N/A
way,1228926980,40.71181790,-74.00172950,N/A
way,1228926982,40.71184800,-74.00193380,N/A
way,1228926984,40.71188780,-74.00151370,N/A
way,1228926991,40.71192190,-74.00118110,N/A
way,1229108740,40.71402210,-74.00003690,N/A
way,1229121632,40.71576210,-74.00371730,N/A
way,1229121643,40.71585390,-74.00390540,N/A
way,1229205805,40.71467170,-74.00065470,N/A
way,1229205806,40.71480640,-74.00112250,N/A
way,1229205807,40.71495120,-74.00142740,N/A
way,1229205808,40.71503770,-74.00161080,N/A
way,1229205812,40.71525590,-74.00185650,N/A
way,1229205814,40.71551850,-74.00165660,N/A
way,1229223982,40.71281790,-73.99973540,N/A
way,1229223983,40.71274520,-74.00008570,N/A
way,1229223987,40.71264130,-74.00040510,N/A
way,1229223990,40.71255830,-74.00038610,N/A
way,1230510424,40.71257210,-74.00945400,N/A
way,1230510425,40.71254150,-74.00938590,N/A
way,1230510426,40.71248110,-74.00926070,N/A
way,1230510427,40.71227250,-74.00881740,N/A
way,1230510428,40.71244100,-74.00917400,N/A
way,1230510429,40.71239880,-74.00908320,N/A
way,1230510430,40.71235480,-74.00899130,N/A
way,1230510431,40.71231470,-74.00890630,N/A
way,1230510439,40.71253840,-74.00896270,N/A
way,1230510440,40.71257600,-74.00904610,N/A
way,1230510441,40.71252260,-74.00892480,N/A
way,1230510442,40.71258140,-74.00888060,N/A
way,1230510443,40.71261190,-74.00890640,N/A
way,1230510444,40.71264920,-74.00898370,N/A
way,1230510463,40.71280050,-74.00887250,N/A
way,1230510464,40.71276270,-74.00879460,N/A
way,1230510465,40.71283970,-74.00872980,N/A
way,1230510466,40.71287760,-74.00881300,N/A
way,1230510475,40.71281720,-74.00869070,N/A
way,1230510476,40.71275230,-74.00873780,N/A
way,1230510477,40.71276960,-74.00868350,N/A
way,1234725971,40.71410720,-74.01172950,N/A
way,1234725973,40.71372460,-74.01154160,N/A
way,1234725974,40.71379220,-74.01152470,N/A
way,1234725975,40.71386230,-74.01150910,N/A
way,1234725976,40.71392610,-74.01149090,N/A
way,1234725977,40.71399330,-74.01147430,N/A
way,1234725979,40.71406220,-74.01145420,N/A
way,1234725980,40.71412310,-74.01127970,N/A
way,1234725981,40.71398140,-74.01097580,N/A
way,1234725982,40.71394660,-74.01090270,N/A
way,1234725983,40.71391240,-74.01083140,N/A
way,1234725985,40.71376370,-74.01074570,N/A
way,1234725986,40.71353240,-74.01092640,N/A
way,1234725987,40.71358970,-74.01088330,N/A
way,1234726002,40.71366940,-74.01030150,N/A
way,1234726009,40.71316230,-74.00947970,N/A
way,1234739882,40.71449200,-74.01133510,N/A
way,1234739883,40.71457590,-74.01131180,N/A
way,1234739884,40.71465780,-74.01129170,N/A
way,1234739885,40.71474690,-74.01127090,N/A
way,1234739886,40.71477450,-74.01111160,N/A
way,1234739887,40.71469430,-74.01093630,N/A
way,1234739888,40.71473440,-74.01102390,N/A
way,1234739889,40.71464650,-74.01083030,N/A
way,1234739890,40.71460150,-74.01073500,N/A
way,1234739891,40.71456220,-74.01064760,N/A
way,1234739892,40.71452030,-74.01055600,N/A
way,1234739893,40.71448000,-74.01046970,N/A
way,1234739894,40.71443750,-74.01037780,N/A
way,1234739897,40.71430550,-74.01032470,N/A
way,1234739898,40.71423520,-74.01037920,N/A
way,1234749645,40.71348870,-74.00962090,N/A
way,1234749654,40.71283500,-74.00810060,N/A
way,1234781195,40.71556590,-74.01047480,Warren Street Hotel
way,1234781236,40.71506620,-74.01172070,N/A
way,1234781237,40.71505230,-74.01163160,N/A
way,1234781238,40.71503540,-74.01152490,N/A
way,1234781239,40.71509850,-74.01138020,N/A
way,1234781240,40.71529380,-74.01131010,N/A
way,1234781241,40.71530690,-74.01139940,N/A
way,1234781242,40.71537420,-74.01138100,N/A
way,1234781243,40.71535970,-74.01129170,N/A
way,1234781244,40.71542670,-74.01127400,N/A
way,1234781245,40.71544130,-74.01136310,N/A
way,1234781246,40.71549350,-74.01125600,N/A
way,1234781247,40.71550800,-74.01134530,N/A
way,1234781248,40.71556200,-74.01123720,N/A
way,1234781249,40.71557650,-74.01132640,N/A
way,1234781250,40.71566680,-74.01137720,N/A
way,1234781251,40.71569420,-74.01143870,N/A
way,1234781252,40.71572980,-74.01151590,N/A
way,1234781253,40.71576580,-74.01159430,N/A
way,1234781254,40.71580020,-74.01167240,N/A
way,1234781255,40.71583450,-74.01174910,N/A
way,1234781256,40.71586980,-74.01182730,N/A
way,1234781257,40.71593960,-74.01198250,N/A
way,1235010163,40.71583880,-74.01123040,N/A
way,1235010164,40.71601620,-74.01118970,N/A
way,1235010165,40.71610120,-74.01113850,N/A
way,1235010166,40.71620220,-74.01113040,N/A
way,1235010177,40.71638060,-74.01129890,N/A
way,1235010178,40.71642530,-74.01139790,N/A
way,1235010179,40.71647080,-74.01149710,N/A
way,1235010180,40.71651770,-74.01159880,N/A
way,1235010181,40.71656040,-74.01169240,N/A
way,1235010182,40.71667730,-74.01192170,N/A
way,1235010184,40.71670440,-74.01196730,N/A
way,1235010188,40.71625720,-74.01147800,N/A
way,1235010189,40.71660740,-74.01192840,N/A
way,1235010191,40.71643670,-74.01200490,N/A
way,1235010201,40.71605820,-74.01195950,N/A
way,1235010202,40.71602120,-74.01187930,N/A
way,1235010203,40.71598080,-74.01179020,N/A
way,1235010204,40.71592740,-74.01167390,N/A
way,1235010205,40.71589160,-74.01159020,N/A
way,1235010206,40.71583780,-74.01147550,N/A
way,1235010207,40.71578970,-74.01136820,N/A
way,1235010208,40.71574980,-74.01128310,N/A
way,1235093931,40.71666970,-74.01158040,N/A
way,1235093932,40.71671230,-74.01167280,N/A
way,1235093933,40.71675470,-74.01176650,N/A
way,1235093945,40.71680250,-74.01186870,N/A
way,1235093956,40.71699280,-74.01189480,N/A
way,1235093957,40.71707020,-74.01187730,N/A
way,1235093958,40.71716970,-74.01185460,N/A
way,1235093969,40.71653450,-74.01128610,N/A
way,1235093975,40.71714590,-74.01141990,N/A
way,1235093981,40.71697850,-74.01129290,N/A
way,1235093982,40.71684800,-74.01157220,N/A
way,1235093983,40.71681690,-74.01130680,N/A
way,1235093985,40.71683020,-74.01115720,N/A
way,1235093986,40.71713680,-74.01108630,N/A
way,1237807303,40.71207270,-74.00038130,N/A
way,1237807304,40.71221960,-74.00028810,N/A
way,1237807305,40.71233010,-74.00007430,N/A
way,1237807309,40.71242640,-74.00018720,N/A
way,1237807310,40.71215920,-74.00053550,N/A
way,1237807313,40.71232220,-74.00041310,N/A
way,1238175767,40.71160150,-74.00002900,N/A
way,1238175768,40.71154830,-74.00008240,N/A
way,1238175769,40.71149280,-74.00014050,N/A
way,1238175770,40.71143920,-74.00019610,N/A
way,1238175771,40.71138440,-74.00025260,N/A
way,1238175772,40.71133270,-74.00030620,N/A
way,1238175773,40.71127880,-74.00036240,N/A
way,1238175774,40.71120960,-74.00043300,N/A
way,1238175776,40.71148720,-74.00044350,N/A
way,1238175777,40.71151790,-74.00050480,N/A
way,1238175778,40.71154390,-74.00044110,N/A
way,1238175779,40.71161200,-74.00038190,N/A
way,1238175781,40.71167360,-74.00013830,N/A
way,1238175782,40.71166730,-74.00023160,N/A
way,1238175783,40.71166220,-74.00032220,N/A
way,1238175784,40.71165610,-74.00040950,N/A
way,1238175785,40.71165070,-74.00049910,N/A
way,1238175786,40.71164510,-74.00058590,N/A
way,1238175787,40.71163910,-74.00068170,N/A
way,1238175791,40.71157450,-74.00076420,N/A
way,1238175792,40.71151260,-74.00075040,N/A
way,1238175793,40.71144440,-74.00072820,N/A
way,1238175794,40.71137960,-74.00069900,N/A
way,1238175795,40.71132010,-74.00066250,N/A
way,1238175796,40.71126040,-74.00061300,N/A
way,1238175797,40.71120770,-74.00055820,N/A
way,1238175801,40.71142490,-74.00026880,N/A
way,1238175803,40.71139880,-74.00062150,N/A
way,1238347017,40.71085400,-74.00201000,N/A
way,1238347018,40.71079150,-74.00195490,N/A
way,1238347019,40.71044240,-74.00117080,N/A
way,1238347020,40.71059530,-74.00114540,N/A
way,1238347021,40.71069760,-74.00107020,N/A
way,1238347022,40.71056320,-74.00136750,N/A
way,1238347023,40.71045290,-74.00129630,N/A
way,1238353785,40.71554990,-74.00278420,N/A
way,1238353786,40.71550550,-74.00269040,N/A
way,1238497052,40.71446460,-74.00036050,N/A
way,1238497063,40.71451290,-74.00028290,N/A
way,1238497067,40.71482600,-74.00014380,N/A
way,1238497068,40.71482670,-74.00022900,N/A
way,1238497070,40.71487580,-74.00025150,N/A
way,1238497071,40.71482220,-74.00031050,N/A
way,1238497075,40.71511360,-74.00041190,N/A
way,1238497077,40.71551330,-74.00033800,N/A
way,1238497081,40.71527030,-74.00056130,N/A
way,1238497085,40.71540570,-74.00057070,N/A
way,1238497091,40.71552040,-74.00038070,N/A
way,1238497092,40.71567580,-74.00033890,N/A
way,1238497093,40.71581190,-74.00011720,N/A
way,1238497095,40.71556570,-74.00016070,N/A
way,1238497098,40.71568160,-74.00010910,N/A
way,1238497103,40.71578770,-74.00003520,N/A
way,1238497111,40.71585320,-74.00001070,N/A
way,1238497112,40.71586480,-74.00009650,N/A
way,1238497137,40.71602100,-73.99991410,N/A
way,1238497147,40.71600130,-74.00011870,N/A
way,1238497149,40.71592650,-73.99999500,N/A
way,1238497170,40.71483620,-73.99999100,N/A
way,1238497178,40.71451730,-74.00019870,N/A
way,1238497179,40.71452070,-74.00010700,N/A
way,1238497180,40.71452500,-74.00002260,N/A
way,1238497186,40.71456270,-74.00013910,N/A
way,1238497187,40.71463720,-74.00014670,N/A
way,1238497188,40.71469620,-74.00015060,N/A
way,1238497198,40.71557300,-74.00050460,N/A
way,1238497199,40.71563260,-74.00046130,N/A
way,1238653619,40.71726470,-74.00423740,91 Leonard
way,1238661679,40.71457040,-74.00371040,N/A
way,1238661680,40.71450030,-74.00368770,N/A
way,1238661681,40.71452260,-74.00356880,N/A
way,1238661682,40.71442600,-74.00359920,N/A
way,1238661683,40.71446320,-74.00348090,N/A
way,1238661684,40.71437570,-74.00351650,N/A
way,1238661689,40.71488500,-74.00410660,N/A
way,1238661695,40.71510010,-74.00459490,N/A
way,1238661708,40.71522140,-74.00472250,N/A
way,1238675854,40.71606040,-74.00585670,N/A
way,1238675856,40.71600740,-74.00571610,N/A
way,1238675858,40.71609790,-74.00579450,N/A
way,1238675859,40.71606190,-74.00571660,N/A
way,1238675860,40.71602700,-74.00563820,N/A
way,1238675861,40.71599120,-74.00556090,N/A
way,1238675867,40.71593190,-74.00558910,N/A
way,1238675875,40.71587660,-74.00641460,N/A
way,1238675877,40.71579410,-74.00638800,N/A
way,1238675880,40.71574580,-74.00638720,N/A
way,1238675881,40.71571070,-74.00630970,N/A
way,1238675882,40.71567660,-74.00623340,N/A
way,1238675883,40.71564290,-74.00615780,N/A
way,1238675884,40.71560520,-74.00607690,N/A
way,1238675885,40.71557110,-74.00600390,N/A
way,1238675890,40.71572340,-74.00622830,N/A
way,1238675900,40.71587440,-74.00618220,N/A
way,1238675902,40.71579210,-74.00627690,N/A
way,1238675920,40.71573290,-74.00610630,N/A
way,1238675924,40.71569740,-74.00599450,N/A
way,1238675928,40.71567120,-74.00592090,N/A
way,1238675937,40.71581830,-74.00518150,N/A
way,1238675938,40.71585130,-74.00525550,N/A
way,1239703542,40.71582160,-74.00974100,N/A
way,1239703543,40.71589830,-74.00991090,N/A
way,1239703544,40.71608240,-74.01032160,N/A
way,1239703545,40.71616840,-74.01051740,N/A
way,1239703546,40.71643220,-74.01082590,N/A
way,1239703547,40.71649600,-74.01080930,N/A
way,1239703548,40.71663360,-74.01077210,N/A
way,1239703549,40.71671720,-74.01075370,N/A
way,1247773069,40.71646480,-74.00126280,N/A
way,1247773070,40.71655820,-74.00119550,N/A
way,1247773071,40.71665370,-74.00112770,N/A
way,1247773072,40.71673910,-74.00106510,N/A
way,1247773073,40.71682450,-74.00100380,N/A
way,1247773076,40.71636830,-74.00140740,N/A
way,1247773077,40.71630280,-74.00146100,N/A
way,1247773078,40.71623020,-74.00152070,N/A
way,1247773090,40.71625290,-74.00174970,N/A
way,1247953833,40.71594470,-74.00178980,N/A
way,1247953834,40.71602500,-74.00195530,N/A
way,1247953835,40.71610580,-74.00212120,N/A
way,1247953838,40.71618090,-74.00227560,N/A
way,1247953840,40.71679030,-74.00190290,N/A
way,1247953841,40.71687030,-74.00183490,N/A
way,1247953842,40.71694940,-74.00176500,N/A
way,1247953843,40.71703730,-74.00168890,N/A
way,1247953844,40.71713160,-74.00160810,N/A
way,1247953851,40.71707170,-74.00082380,N/A
way,1332936067,40.70927610,-74.00316790,N/A
way,1339769176,40.71513120,-74.01164950,89 Murray
way,1357571337,40.71498370,-74.00889800,Philip Williams Posters
relation,364630,40.79578280,-73.95668460,NYCS - 1 Train: South Ferry → Van Cortlandt Park–242nd Street
relation,366773,40.69898670,-73.90580360,NYCS - Z Train (pm rush): Broad Street → Jamaica Center–Parsons/Archer
relation,366775,40.75694410,-73.94042930,NYCS - C Train: Euclid Avenue → 168th Street
relation,366776,40.73156150,-73.90521780,NYCS - E Train: World Trade Center → Jamaica Center–Parsons/Archer
relation,366778,40.76561510,-73.93426170,NYCS - 5 Train (am rush): Nereid Avenue → Flatbush Avenue–Brooklyn College
relation,366782,40.69898670,-73.90580360,NYCS - J Train: Broad Street → Jamaica Center–Parsons/Archer
relation,366783,40.76797820,-73.93020880,NYCS - 2 Train: Wakefield–241st Street → Flatbush Avenue–Brooklyn College
relation,366784,40.74264560,-73.94669270,NYCS - 3 Train: New Lots Avenue → Harlem–148th Street
relation,366785,40.77779660,-73.94639470,NYCS - 4 Train: Crown Heights–Utica Avenue → Woodlawn
relation,2624106,40.71355550,-73.99688740,NYCB - M22 Battery Park City --> Lower East Side
relation,2632934,40.75247530,-73.97270230,Bus M15: East Harlem → South Ferry
relation,2632935,40.73772410,-73.99841630,NYCB - M20 Lincoln Center --> South Ferry
relation,2632957,40.75774990,-73.97270210,NYCB - M103 East Harlem --> City Hall
relation,2632958,40.72496150,-73.99566700,NYCB - M9 Battery Park City --> Kips Bay
relation,3443537,40.68812790,-74.06759900,NJTB - 120 - Bayonne to Downtown New York
relation,3443538,40.68863270,-74.06773430,NJTB - 120 - Downtown New York to Bayonne
relation,6564658,40.70965790,-74.00766440,"Fulton Street (A,C)"
relation,6647127,40.71390250,-74.00879390,"Chambers Street (A,C)"
relation,6859237,40.72882950,-73.99719660,NYCB - M55 Midtown --> SI Ferry Terminal
relation,7082923,40.71073800,-74.01025700,"Cortlandt Street (R,W)"
relation,7082924,40.71031790,-74.01119780,Church Street/Cortland Street
relation,7082925,40.70994690,-74.01143170,Church Street/Liberty Street
relation,7082954,40.71130180,-74.00882120,Broadway/Vesey Street
relation,7085249,40.71250660,-74.00775390,Broadway/Park Place
relation,7085250,40.71201630,-74.00818650,Broadway/Barclay Street
relation,7085302,40.71381540,-74.00666860,Broadway/Warren Street
relation,7085303,40.71334030,-74.00700990,"City Hall (R,W)"
relation,7085304,40.71285550,-74.00746090,Broadway/Murray Street
relation,7085323,40.71493180,-74.00573550,Broadway/Reade Street
relation,7085324,40.71394650,-74.00655150,Broadway/Chambers Street
relation,7106251,40.71612080,-74.00471780,Broadway/Worth Street
relation,7106252,40.71566750,-74.00512610,Broadway/Thomas Street
relation,7575713,40.76797820,-73.93020880,NYCS - 2 Train (late nights): Wakefield–241st Street → Flatbush Avenue–Brooklyn College
relation,7837590,40.69904650,-73.90587060,NYCS - Z Train (am rush): Jamaica Center–Parsons/Archer → Broad Street
relation,7943796,40.70752750,-74.01112150,"Wall Street (4,5)"
relation,7946005,40.71278040,-74.00982250,World Trade Center (E)
relation,7946006,40.71332060,-74.00885050,"Park Place (2,3)"
relation,7974745,40.71158640,-74.01056120,WTC Cortlandt (1)
relation,8285582,40.72444500,-73.94232590,NYCB - QM25
relation,8285593,40.72524230,-73.92730160,NYCB - QM11
relation,8285596,40.73389320,-73.86342890,NYCB - QM8
relation,8285597,40.72582910,-73.89804520,NYCB - QM7
relation,8286038,40.80852440,-73.95873790,NYCB - BxM18
relation,8288676,40.66772970,-73.99762720,NYCB - X28
relation,8288678,40.68705170,-74.00660470,NYCB - X27
relation,8288682,40.69634060,-73.95192270,NYCB - BM2
relation,8288683,40.68371610,-73.96155240,NYCB - BM1
relation,8297988,40.62782110,-74.08351540,NYCB - SIM5
relation,8297992,40.63894070,-74.05612680,NYCB - X3
relation,8297994,40.63147500,-74.08351540,NYCB - SIM1
relation,8298160,40.68603780,-74.06940620,NYCB - X12
relation,8298161,40.65157540,-74.09851750,NYCB - X11
relation,8298162,40.68234490,-74.06441490,NYCB - X10
relation,8298230,40.63666050,-74.08351540,NYCB - X15
relation,8298334,40.62570770,-74.10150200,NYCB - X19
relation,8298336,40.63679130,-74.08678600,NYCB - X17A
relation,8298337,40.65525150,-74.08502940,NYCB - SIM4C
relation,9104444,40.75242440,-73.97214060,Bus M15-SBS: South Ferry → East Harlem
relation,9152579,40.75247970,-73.97322160,Bus M15-SBS: East Harlem → South Ferry
relation,9316133,40.75235990,-73.97165670,Bus M15: South Ferry → East Harlem
relation,9651535,40.79577740,-73.95671370,NYCS - 1 Train: Van Cortlandt Park–242nd Street → South Ferry
relation,9655654,40.71560030,-74.00915890,"Chambers Street (1,2,3)"
relation,9655662,40.76796240,-73.93014120,NYCS - 2 Train (late nights): Flatbush Avenue–Brooklyn College → Wakefield–241st Street
relation,9655663,40.76796240,-73.93014120,NYCS - 2 Train: Flatbush Avenue–Brooklyn College → Wakefield–241st Street
relation,9663806,40.74260600,-73.94672310,NYCS - 3 Train: Harlem–148th Street → New Lots Avenue
relation,9677107,40.77779580,-73.94642330,NYCS - 4 Train: Woodlawn → Crown Heights–Utica Avenue
relation,9682648,40.76057760,-73.92248480,NYCS - 5 Train: Flatbush Avenue–Brooklyn College → Eastchester–Dyre Avenue
relation,9682649,40.76057560,-73.92251260,NYCS - 5 Train: Eastchester–Dyre Avenue → Flatbush Avenue–Brooklyn College
relation,9682650,40.76559520,-73.93416120,NYCS - 5 Train (pm rush): Flatbush Avenue–Brooklyn College → Nereid Avenue
relation,9699135,40.78265290,-73.91609560,NYCS - 6 Train: Pelham Bay Park → Brooklyn Bridge–City Hall
relation,9699136,40.78260990,-73.91605340,NYCS - 6 Train: Brooklyn Bridge–City Hall → Pelham Bay Park
relation,9699150,40.73913790,-73.96269290,NYCS - W Train: Astoria–Ditmars Boulevard → Whitehall Street–South Ferry
relation,9709546,40.72925910,-73.88226190,NYCS - A Train: 207th Street–Inwood → Far Rockaway–Mott Avenue
relation,9712256,40.73912050,-73.96264100,NYCS - W Train: Whitehall Street–South Ferry → Astoria–Ditmars Boulevard
relation,9712343,40.69146910,-73.93730730,NYCS - R Train: Forest Hills–71st Avenue → Bay Ridge–95th Street
relation,9712344,40.69140650,-73.93733480,NYCS - R Train: Bay Ridge–95th Street → Forest Hills–71st Avenue
relation,9712348,40.67615420,-73.96602180,NYCS - N Train (late nights): Coney Island–Stillwell Avenue → Astoria–Ditmars Boulevard
relation,9720364,40.78265290,-73.91609560,NYCS - <6> Train (am rush): Pelham Bay Park → Brooklyn Bridge–City Hall
relation,9720365,40.78260990,-73.91605340,NYCS - <6> Train (pm rush): Brooklyn Bridge–City Hall → Pelham Bay Park
relation,9727208,40.77026230,-73.91730150,NYCS - A Train: Ozone Park–Lefferts Boulevard → 207th Street–Inwood
relation,9727209,40.72926770,-73.88225220,NYCS - A Train: Far Rockaway–Mott Avenue → 207th Street–Inwood
relation,9727210,40.72444210,-73.90966600,NYCS - A Train (am rush): Rockaway Park–Beach 116th Street → 207th Street–Inwood
relation,9727211,40.72446030,-73.90973580,NYCS - A Train (pm rush): 207th Street–Inwood → Rockaway Park–Beach 116th Street
relation,9727212,40.77025700,-73.91733070,NYCS - A Train: 207th Street–Inwood → Ozone Park–Lefferts Boulevard
relation,9747969,40.69902160,-73.90587060,NYCS - J Train: Jamaica Center–Parsons/Archer → Broad Street
relation,9767765,40.75690060,-73.94046560,NYCS - C Train: 168th Street → Euclid Avenue
relation,9769301,40.73162470,-73.90524400,NYCS - E Train: Jamaica Center–Parsons/Archer → World Trade Center
relation,9775885,40.71194730,-74.01190940,World Trade Center (PATH)
relation,9794675,40.71018160,-74.00801570,"Fulton Street (J,Z)"
relation,9794703,40.71038980,-74.00935070,"Fulton Street (4,5)"
relation,9794705,40.70964990,-74.00763040,"Fulton Street (2,3)"
relation,9795633,40.71299060,-74.00416330,"Brooklyn Bridge–City Hall (4,5,6,<6>)"
relation,9795634,40.71299060,-74.00406950,"Chambers Street (J,Z)"
relation,9830179,40.77395820,-73.94642330,NYCS - 4 Train (late nights): Woodlawn → New Lots Avenue
relation,9830180,40.77399270,-73.94639470,NYCS - 4 Train (late nights): New Lots Avenue → Woodlawn
relation,11077079,40.71452610,-74.00446400,African Burial Ground National Monument
relation,11241942,40.69898670,-73.90580360,NYCS - J Train (pm rush): Broad Street → Jamaica Center–Parsons/Archer
relation,11241943,40.69902160,-73.90587060,NYCS - J Train (am rush): Jamaica Center–Parsons/Archer → Broad Street
relation,11255826,40.79653940,-73.92244380,"NYCS - 5 Train (evenings, weekends): Eastchester–Dyre Avenue → Bowling Green"
relation,11255827,40.79664190,-73.92231750,"NYCS - 5 Train (evenings, weekends): Bowling Green → Eastchester–Dyre Avenue"
relation,11255830,40.76057760,-73.92248480,NYCS - 5 Train (pm rush): Flatbush Avenue–Brooklyn College → Eastchester–Dyre Avenue
relation,11255831,40.76057560,-73.92251260,NYCS - 5 Train (am rush): Eastchester–Dyre Avenue → Flatbush Avenue–Brooklyn College
relation,11255832,40.77779580,-73.94642330,NYCS - 4 Train (am rush): Woodlawn → Crown Heights–Utica Avenue
relation,11255833,40.77779660,-73.94639470,NYCS - 4 Train (pm rush): Crown Heights–Utica Avenue → Woodlawn
relation,11255871,40.72925910,-73.88226190,NYCS - A Train (late nights): 207th Street–Inwood → Far Rockaway–Mott Avenue
relation,11255872,40.72926770,-73.88225220,NYCS - A Train (late nights): Far Rockaway–Mott Avenue → 207th Street–Inwood
relation,11256037,40.69898670,-73.90580360,"NYCS - J Train (evenings, weekends): Broad Street → Jamaica Center–Parsons/Archer"
relation,11256044,40.73156150,-73.90521780,NYCS - E Train (late nights): World Trade Center → Jamaica Center–Parsons/Archer
relation,11256045,40.73162470,-73.90524400,NYCS - E Train (late nights): Jamaica Center–Parsons/Archer → World Trade Center
relation,11256046,40.73162470,-73.90524400,"NYCS - E Train (evenings, weekends): Jamaica Center–Parsons/Archer → World Trade Center"
relation,11256047,40.73156150,-73.90521780,"NYCS - E Train (evenings, weekends): World Trade Center → Jamaica Center–Parsons/Archer"
relation,11256102,40.67617700,-73.96610380,NYCS - N Train (late nights): Astoria–Ditmars Boulevard → Coney Island–Stillwell Avenue
relation,12286530,40.72882950,-73.99905670,NYCB - M55 SI Ferry Terminal --> Midtown
relation,12287159,40.71496900,-73.99688740,NYCB - M22 Lower East Side --> Battery Park City
relation,12287160,40.72470050,-73.99572500,NYCB - M9 Kips Bay --> Battery Park City
relation,12381963,40.75825990,-73.97163940,NYCB - M103 City Hall --> East Harlem
relation,12758078,40.60957490,-74.12383670,NYCB - SIM2 Tottenville --> Downtown
relation,13613032,40.71478060,-74.00236180,Thomas Paine Park
relation,14305607,40.67514070,-73.96832060,NYCB - BM4
relation,14305608,40.67547960,-73.96809210,NYCB - BM4
relation,14429181,40.60999760,-74.12367410,NYCB - SIM2 Downtown --> Tottenville
relation,14472920,40.68718480,-74.00698070,NYCB - X27
relation,14479411,40.66786280,-73.99838720,NYCB - X28
relation,14480145,40.80742940,-73.95871580,NYCB - BxM18
relation,14507859,40.67267330,-73.97394800,NYCB - BM3
relation,14507860,40.67267330,-73.97330490,NYCB - BM3
relation,14507861,40.67303860,-73.97379780,NYCB - BM3
relation,14534489,40.64817750,-73.97379780,NYCB - BM3
relation,14534490,40.64815110,-73.97394800,NYCB - BM3
relation,14534639,40.69600170,-73.95215100,NYCB - BM2
relation,14534642,40.67147960,-73.94719150,NYCB - BM2
relation,14534643,40.67147960,-73.94701080,NYCB - BM2
relation,14539864,40.65968200,-73.96178080,NYCB - BM1
relation,14539865,40.68420410,-73.96178080,NYCB - BM1
relation,14539867,40.65885500,-73.96155240,NYCB - BM1
relation,15039698,40.71318520,-74.01144480,Silverstein Family Park
relation,15051920,40.71088650,-74.01056760,Westfield World Trade Center
relation,15902634,40.71147320,-74.00294730,Brooklyn Banks
relation,17219798,40.65056540,-74.07252840,NYCB - SIM1C
relation,18619522,40.71144930,-74.00703790,33 Park Row
