# input_address,"Times Square, New York",center_lat,40.7570095,center_lon,-73.9859724,utm_zone,32618,bbox_wgs84,"[40.75255778, -73.991963, 40.7614609, -73.979981]",tagset_hash,7c11ed655c7ebd6d64ba7289a6686a980c0d9571557b4699e33a2d2b6aa6143e,overpass_url,https://overpass.kumi.systems/api/interpreter,osm_base_ts,2025-08-17T02:29:45Z,id_list_sha256,588faf11a5085e9511cf3bbc87010e7c4d665c262f2e544b893541419697fb44
type,id,lat,lon,name
node,357609892,40.75343490,-73.98236120,Croton Reservoir
node,357620498,40.75633420,-73.98466230,Manhattan Church of the Nazarene
node,357621676,40.76111110,-73.98833330,Public School 212
node,368043742,40.75308130,-73.98418180,GH on the Park
node,368051619,40.75890030,-73.98461660,Palace Theater
node,368051660,40.75819850,-73.98955640,Second Stage Theater
node,419359973,40.76107960,-73.98317130,N/A
node,419360006,40.75287080,-73.98937060,N/A
node,419360262,40.76044890,-73.98776660,N/A
node,419360545,40.76140430,-73.99056400,N/A
node,419360745,40.75479480,-73.98818280,N/A
node,419361200,40.75330600,-73.98029300,N/A
node,419361204,40.76117840,-73.98307020,N/A
node,419361666,40.75783350,-73.99103020,N/A
node,419361690,40.76111090,-73.99083160,N/A
node,419361913,40.75587900,-73.98890450,N/A
node,419361993,40.75369390,-73.98855300,N/A
node,419362298,40.75440390,-73.98031800,N/A
node,419362533,40.75867590,-73.98899420,N/A
node,419362535,40.75521160,-73.98517830,N/A
node,419362945,40.76141180,-73.98395820,N/A
node,419363092,40.75299160,-73.98928390,N/A
node,419363530,40.75685320,-73.98660860,N/A
node,419363683,40.76061530,-73.98037390,N/A
node,419363766,40.76069590,-73.98736590,N/A
node,419364052,40.75454410,-73.98113000,N/A
node,419364457,40.75450960,-73.99187880,Citi Bike
node,419364465,40.76036400,-73.98947040,N/A
node,419364556,40.76097330,-73.99094090,N/A
node,419364595,40.75486890,-73.98798780,N/A
node,419364682,40.75725980,-73.98794870,N/A
node,419364692,40.75457500,-73.98669210,N/A
node,419364968,40.75707810,-73.98557990,N/A
node,419365071,40.76124990,-73.98382460,N/A
node,419365437,40.75524180,-73.98488000,N/A
node,419366204,40.75917560,-73.99055350,N/A
node,419366255,40.75294770,-73.98930920,N/A
node,419366625,40.76029550,-73.99137640,N/A
node,419366660,40.76000730,-73.99138000,N/A
node,419366890,40.75465380,-73.98486320,N/A
node,419367111,40.75685190,-73.98660860,N/A
node,419367115,40.75988630,-73.98796890,N/A
node,419367153,40.75376010,-73.98870990,N/A
node,419367170,40.75901840,-73.98863920,N/A
node,419367200,40.75534610,-73.98512550,N/A
node,419367286,40.75867660,-73.98706440,N/A
node,419367955,40.75569260,-73.98838940,N/A
node,419368050,40.75955650,-73.98448560,N/A
node,591997397,40.75352410,-73.98510030,42nd Street–Bryant Park
node,591997437,40.75569630,-73.98590780,Times Square
node,591997500,40.75549900,-73.98646600,Times Square–42nd Street
node,591997635,40.75374340,-73.98190020,5th Avenue
node,597928314,40.75790570,-73.98191180,47th–50th Streets–Rockefeller Center
node,597928316,40.75422200,-73.98456890,42nd Street–Bryant Park
node,597937477,40.75730800,-73.98973500,42nd Street–Port Authority Bus Terminal
node,643414350,40.75699400,-73.98655120,Hard Rock Cafe
node,663084281,40.75590850,-73.98302210,Chase
node,663084339,40.75353830,-73.98059230,H&M
node,663084489,40.75371160,-73.98097530,Zara
node,763650163,40.75821510,-73.98662670,Junior's
node,769186826,40.75779280,-73.98291850,N/A
node,1288901366,40.75971460,-73.98097320,N/A
node,1289222389,40.75398460,-73.98409080,Josephine Shaw Lowell Fountain
node,1289222423,40.75372500,-73.98467460,José Bonifácio de Andrada e Silva
node,1289222424,40.75455210,-73.98397710,Andrew Heiskell Plaza
node,1289222425,40.75278050,-73.98293590,Wendell L. Willkie
node,1289222428,40.75407040,-73.98309300,William Earl Dodge
node,1289222432,40.75321910,-73.98373140,Johann Wolfgang von Goethe
node,1289222452,40.75327790,-73.98315720,Gertrude Stein
node,1413105218,40.75371340,-73.99144960,Selini Neckwear Inc.
node,1413108278,40.75370520,-73.99141230,Angelic Rise
node,1426250385,40.75666230,-73.98586780,Starbucks
node,1426275725,40.75669210,-73.98671940,Europa Cafe
node,1426276157,40.75659300,-73.98679310,AT&T
node,1426276530,40.75635130,-73.98709480,Chase
node,1426311638,40.75560310,-73.98757100,Red Lobster
node,1428036328,40.75288970,-73.98110560,Andaz
node,1428036347,40.75325960,-73.98080980,Bank of America
node,1428036360,40.75380800,-73.98041430,Skechers
node,1428036380,40.75426170,-73.98004870,Urban Outfitters
node,1428036410,40.75497200,-73.98008150,Chase
node,1428036650,40.75453850,-73.98404410,Wafels and Dinges
node,1487449793,40.75639150,-73.98542530,Tony's
node,1487472478,40.76071130,-73.98076870,Capital Grille at Time-Life
node,1606745845,40.75520630,-73.98542430,N/A
node,1706037451,40.75559360,-73.98217200,Forty Four
node,1706038616,40.75573380,-73.98248310,Gregory Coffee
node,1706051592,40.75566490,-73.98233040,Hippodrome Parking
node,1706052165,40.75522600,-73.98269250,Hippodrome Parking
node,1706057512,40.75530980,-73.98480420,Bank of America
node,1740694091,40.75877530,-73.98472000,McDonald's
node,1751769863,40.75837310,-73.98823770,NY Gift Shop
node,1752822408,40.75806300,-73.98620530,Minskoff Theatre
node,1752843998,40.75589620,-73.98493280,Stephen Sondheim Theatre
node,1753205377,40.75661600,-73.98459260,The Lambs Club
node,1758217485,40.76047230,-73.98405060,The Playwright
node,1873813840,40.75951890,-73.99156000,Chipotle
node,1873813860,40.76016140,-73.99110740,5 Napkin Burger
node,1873813883,40.75989020,-73.99179450,Gallo Nero
node,1899033652,40.75811960,-73.98892440,McDonald's
node,1899033653,40.75801590,-73.98899890,Starbucks
node,1899033656,40.75845420,-73.98917120,Shake Shack
node,2052618477,40.75474450,-73.98672990,Times Square–42nd Street
node,2134025590,40.75932430,-73.98166040,Del Frisco's Double Eagle Steakhouse
node,2178743031,40.75641720,-73.98732550,Skechers
node,2178743034,40.75723600,-73.98911690,Starbucks
node,2179502340,40.76140890,-73.98650700,N/A
node,2273962587,40.75975010,-73.99140400,Marseille
node,2273968599,40.75943650,-73.99164090,Westway Diner
node,2273972179,40.75972000,-73.99192660,Mama Mia 44SW
node,2491359318,40.75444710,-73.99060580,Go! Go! Curry!
node,2501550492,40.75406090,-73.98490660,Kinokuniya
node,2588151826,40.75320690,-73.98069320,Pan d'oro
node,2588151831,40.75302700,-73.98027770,McDonald's
node,2588151834,40.75398190,-73.98161840,Chipotle
node,2588151837,40.75308110,-73.98041220,Jollibee
node,2588151840,40.75411230,-73.98187640,M&T Bank
node,2610440244,40.75559110,-73.98686270,Loft
node,2610440246,40.76045010,-73.98398840,Burger Man
node,2610440248,40.75544430,-73.98711200,Pink Taco
node,2610440250,40.76080440,-73.98372220,Starbucks
node,2610440256,40.75609800,-73.98667680,Walgreens
node,2610440263,40.76127910,-73.98328390,N/A
node,2611782751,40.75680690,-73.98245120,Capital One
node,2611782754,40.75616740,-73.98290000,City National Bank
node,2611782758,40.75811900,-73.98148700,Pret A Manger
node,2611782760,40.75555000,-73.98405540,Starbucks
node,2611782762,40.75552560,-73.98332680,TD Bank
node,2611782763,40.75658940,-73.98260200,Wells Fargo
node,2611782764,40.75494090,-73.98392630,USPS
node,2611782765,40.75620330,-73.98299270,USPS
node,2611782768,40.75807420,-73.98161240,USPS
node,2611782769,40.75808060,-73.98160740,USPS
node,2613556157,40.75467000,-73.98877800,Ralph Lauren
node,2613887631,40.75886530,-73.98549060,American Eagle Outfitters
node,2625469223,40.76128830,-73.98710510,Q NYC
node,2639531794,40.75968570,-73.98734430,N/A
node,2649091999,40.75598740,-73.99107540,Beer Authority
node,2649092001,40.75593320,-73.99096750,Chase
node,2649092003,40.75613070,-73.99084110,Duane Reade
node,2649092011,40.75487530,-73.98793420,N/A
node,2649092012,40.75561060,-73.99120340,Rainbow
node,2676979135,40.75923440,-73.98631620,Bond 45
node,2678466841,40.75764510,-73.98644220,PlayStation Theater
node,2678466842,40.75723180,-73.98638980,Bubba Gump Shrimp Company
node,2678466844,40.75729950,-73.98550610,Gap
node,2678581856,40.76013070,-73.98713550,The Mean Fiddler
node,2678650716,40.75936680,-73.98723500,O'Casey's Irish Bar
node,2678783476,40.76144520,-73.98375590,Applebee's
node,2678783480,40.76009140,-73.98441660,M&M'S World
node,2680148433,40.76086830,-73.98239690,Bobby Van's Steakhouse
node,2689589690,40.75936590,-73.98529730,Blue Fin
node,2689589691,40.75954970,-73.98579410,Danny's Gourmet
node,2689589692,40.75862610,-73.98481410,Express
node,2689589693,40.75833450,-73.98418510,Havana Central
node,2709479282,40.75377260,-73.99157810,Terani Couture
node,2709479283,40.75387000,-73.99181260,Metro by T-Mobile
node,2709629969,40.75478320,-73.99135390,Grace Cafe
node,2709629973,40.75516010,-73.99106420,Upside Pizza
node,2709702138,40.75487600,-73.98461960,Bryant Park Wines
node,2709702235,40.75410880,-73.98606140,Mexicue
node,2709702247,40.75496670,-73.98482730,Pandora
node,2709702304,40.75280620,-73.98753820,claire's
node,2709702308,40.75304040,-73.98706710,Maison Kayser
node,2709702328,40.75546390,-73.98630470,JD Sports
node,2709892524,40.76014920,-73.99098670,Schmackary's
node,2709892569,40.76033020,-73.99147390,Smiler Gourmet Deli
node,2709906280,40.76066640,-73.98973700,Swing46
node,2709906329,40.76138040,-73.99071360,Chelsea Grill
node,2709906348,40.76038420,-73.98772060,NYC Gifts
node,2710031797,40.76120860,-73.98711630,Grace 48 Deli & Grocery
node,2716126852,40.76081450,-73.99066400,iPizzaNY
node,2716126858,40.75942900,-73.98842410,Amorino
node,2716231111,40.75683700,-73.98844000,B.B. King Blues Club & Grill
node,2716231113,40.75720610,-73.98930980,Villa Fresh Italian Kitchen
node,2716231114,40.75691810,-73.98863110,Cold Stone Creamery
node,2716231115,40.75695520,-73.98871860,Dallas BBQ
node,2716231205,40.75950170,-73.99144370,Producers Club Theaters and Bar
node,2716231215,40.75831900,-73.99194120,Subway
node,2716231259,40.75704770,-73.98893650,Regal E-Walk Stadium 13 & RPX
node,2716231269,40.75678050,-73.98830680,Target
node,2717223348,40.75501620,-73.98800320,Margaritaville
node,2717223355,40.75528990,-73.98773070,I Love NY Gifts
node,2717223372,40.75539040,-73.99088370,GNC
node,2717293822,40.75820120,-73.98830650,China River
node,2717293824,40.75751080,-73.98671260,Carmine's
node,2717293852,40.75974070,-73.98618630,Rum House
node,2717293865,40.76004720,-73.98885910,Frankie and Johnie's Steakhouse
node,2717293878,40.76053230,-73.98704690,Gui Steakhouse
node,2717293880,40.75823450,-73.98840170,John's Pizzeria
node,2717323719,40.76029550,-73.98450270,Gong Cha
node,2717323791,40.76089910,-73.98631400,La Masseria
node,2717542665,40.75617840,-73.98351590,Citizens Bank
node,2717542715,40.75649250,-73.98231910,La Bleu Optique
node,2717542944,40.75992430,-73.98388700,7th Ave Smoke Shop
node,2717542956,40.75576120,-73.98059090,Butterflied Chicken
node,2717543445,40.75757080,-73.98103060,Daniel Diamonds
node,2717543469,40.75758580,-73.98106620,Larry's Fine Jewelry
node,2717543485,40.75722390,-73.98155880,Just Salad
node,2717543542,40.75788110,-73.98120660,Imperial Jewelry
node,2717543572,40.75998910,-73.98383950,Platinum Dolls
node,2717543579,40.75961100,-73.98004260,Piq
node,2717543654,40.75602330,-73.98456290,The Town Hall
node,2721574108,40.76052320,-73.98612190,Hurley's
node,2721574113,40.76068490,-73.98653040,Pongsri
node,2721574118,40.76065690,-73.98644080,An'nam
node,2721574123,40.76044060,-73.98719100,Starbucks
node,2722857800,40.75965000,-73.98596500,Cafe Edison
node,2722857810,40.75927140,-73.98808410,Daniela Trattoria
node,2722857817,40.75992610,-73.98664550,Glass House Tavern
node,2722857832,40.75989750,-73.98656250,Scarlatto
node,2722857837,40.75995960,-73.98673070,Trattoria Trecolori
node,2774949518,40.75828850,-73.98499890,Disney Store
node,2774949526,40.75819890,-73.98508240,N/A
node,2782000317,40.75743610,-73.98654990,Ben & Jerry's
node,2860089441,40.75658810,-73.98075330,Schwarz Travel & Storage
node,3246839597,40.75956400,-73.98971340,Beer Culture
node,3246839604,40.76114470,-73.98367620,Majestic Deli
node,3246839605,40.75488010,-73.98597870,Ootoya
node,3273820746,40.75573350,-73.98988880,Muji
node,3273820747,40.75572870,-73.99049720,Kiss My Slice
node,3447488963,40.75588100,-73.98740360,Champs
node,3573482095,40.75900630,-73.98968380,Birdland Jazz Club
node,3573482100,40.76114740,-73.99090110,Galaxy Diner
node,3573482103,40.76013280,-73.98906040,Joe Allen
node,3573482105,40.75942930,-73.99123510,The Brazen Tavern
node,3573482143,40.75972620,-73.98040530,6th Avenue & West 50th Street
node,3573482146,40.76054050,-73.98218100,N/A
node,3574404393,40.75911170,-73.99052910,Alamo
node,3595084281,40.75912480,-73.98537720,Grand Slam New York
node,3597257541,40.75421470,-73.98404920,Le Pain Quotidien
node,3618184988,40.75381900,-73.98447930,Putting Green
node,3679386558,40.75726980,-73.99011700,West 42nd Street & 8th Avenue
node,3679387948,40.75750790,-73.99016620,West 42nd Street & 8th Avenue
node,3679391773,40.75633820,-73.98743000,West 42nd Street & 7th Avenue
node,3679392380,40.75606870,-73.98724760,West 42nd Street & 7th Avenue
node,3679394774,40.75572390,-73.98596740,West 42nd Street/Broadway
node,3679396691,40.75518190,-73.98470950,West 42nd Street & 6th Avenue
node,3679402057,40.75449310,-73.98350050,West 42nd Street & 6th Avenue
node,3679406934,40.75378160,-73.98140570,West 42nd Street & 5th Avenue
node,3679412804,40.75314500,-73.98030440,West 42nd Street & 5th Avenue
node,3708656237,40.76019250,-73.99125510,Citi Bike - 9th Avenue & West 45th Street
node,3708656269,40.75321080,-73.98727530,Citi Bike - Broadway & West 38th Street
node,3708656270,40.75519230,-73.98653210,Citi Bike - Broadway & West 41st Street
node,3708656271,40.76064680,-73.98442660,Citi Bike - Broadway & West 49th Street
node,3708656749,40.75466590,-73.99138150,Citi Bike - W 38 St & 8 Ave
node,3708656752,40.75640550,-73.99002620,Citi Bike - West 41st Street & 8th Avenue
node,3708656753,40.75756990,-73.99098510,Citi Bike - West 42nd Street & 8th Avenue
node,3708656755,40.75527310,-73.98316940,Citi Bike - West 43rd Street & 6th Avenue
node,3708656756,40.75500250,-73.98014440,Citi Bike - West 44th Street & 5th Avenue
node,3708656757,40.75680010,-73.98291150,Citi Bike - West 45th Street & 6th Avenue
node,3708656758,40.75929120,-73.98859650,Citi Bike - West 45th Street & 8th Avenue
node,3708656762,40.76065970,-73.98042050,Citi Bike - West 51st Street & 6th Avenue
node,3803995665,40.76068860,-73.98511910,Quik Park
node,3821171656,40.75365350,-73.98437800,Southwest Porch
node,3821172935,40.75405070,-73.98264140,Bryant Park Public Restroom
node,3822484904,40.75408930,-73.99043510,District Tap House
node,3822494062,40.75911360,-73.98993540,Miss Nellie's
node,3826724773,40.75366530,-73.98367060,The Rink
node,3869459457,40.75406980,-73.98424520,Winter Village
node,3918908280,40.75335360,-73.98100180,5th Avenue
node,3932353663,40.76139450,-73.98169100,Le Bernardin
node,3974095815,40.75608570,-73.98468520,BXL Cafe
node,3974095816,40.75670330,-73.98475480,Jimmy's Corner
node,3974095834,40.76020820,-73.98062470,N/A
node,3974095835,40.76026990,-73.98057930,N/A
node,3974095836,40.76033150,-73.98053380,N/A
node,3974095841,40.76039310,-73.98048830,N/A
node,3993576963,40.75333700,-73.98491600,Ole & Steen
node,3995212060,40.76009270,-73.98250660,Sushiden
node,4011732598,40.75410180,-73.99177220,Dunkin'
node,4011732600,40.75459420,-73.99194460,Dos Toros Taqueria
node,4011732605,40.75472230,-73.99137020,Wok to Walk
node,4016646241,40.75484200,-73.98411800,6th & 42nd St El 1881
node,4058593771,40.75809380,-73.98938340,Maoz
node,4058593772,40.75814790,-73.98962800,High Rise
node,4151549326,40.75995560,-73.99175220,Two Boots Pizza
node,4151701793,40.76069020,-73.98959160,Sushi of Gari
node,4213578591,40.75934880,-73.98850670,Carve Café & Pizza
node,4231956390,40.75751160,-73.98934370,PRETZEL
node,4243439483,40.75838440,-73.98329320,Haven Rooftop Bar
node,4257973595,40.75667240,-73.98022110,Audio46 Headphones
node,4281354990,40.76061780,-73.98190750,Men's Wearhouse
node,4307338192,40.75354830,-73.99049330,Mood Fabrics
node,4316345593,40.75651340,-73.98576870,Brooklyn Diner
node,4325329993,40.75440320,-73.98170250,sathya sai
node,4330787300,40.76089080,-73.98893330,Frisson Espresso
node,4333671794,40.76081860,-73.98759150,"Sightseeing Pass, LLC"
node,4385240481,40.75874400,-73.98641500,The View Restaurant & Lounge
node,4392484891,40.75473110,-73.98822260,Midtown Comics
node,4394357390,40.75324020,-73.98458380,Le Pain Quotidien
node,4443479889,40.76077310,-73.98082030,Ted's Montana Grill
node,4447034701,40.75687840,-73.98531790,Virgil's Real BBQ
node,4450559940,40.75429960,-73.98116560,Inner Enlightenment Spiritist Society
node,4454392489,40.75908540,-73.98986630,Gyu-Kaku
node,4455392287,40.75453920,-73.98960370,Carragher's
node,4455832292,40.76075830,-73.99116330,Taco Mahal
node,4462060089,40.76005640,-73.98348610,Superdry
node,4472637172,40.75761390,-73.98022720,Jenny's Engraving & Co.
node,4483086991,40.75943450,-73.98686750,Patzeria Perfect Pizza Pasta & Grill
node,4494762393,40.75778210,-73.98968770,Qi Bangkok Eatery
node,4507025555,40.75320490,-73.98293230,Bryant Park Grill
node,4515559287,40.75532450,-73.98898790,CUNY Graduate School of Journalism
node,4549080327,40.75634650,-73.98142380,Book Off
node,4554035532,40.76107770,-73.98404130,Carolines on Broadway
node,4623422789,40.75409960,-73.98085690,The North Face
node,4652798789,40.76061630,-73.99080820,Lubian Chinese Grilled Fish
node,4661316591,40.75720010,-73.98343700,Cook Eatery
node,4665840837,40.75462790,-73.98452920,Whole Foods Market
node,4687113395,40.76023630,-73.98737890,Carve: Unique Sandwich
node,4687187091,40.75469350,-73.99186310,2 Bros Pizza
node,4699675791,40.75629970,-73.99021220,Schnippers Quality Kitchen
node,4708888896,40.76079410,-73.98869430,Fresh From Hell
node,4708888897,40.75815970,-73.98905580,hell's kitchen - open loop
node,4708892893,40.75710610,-73.98909030,Five Guys
node,4709047192,40.75591820,-73.98042780,Antalia
node,4709047193,40.75603830,-73.98075200,NYC Gifts
node,4711391870,40.75263860,-73.98451690,Mangia Organic
node,4711391880,40.75269650,-73.98465510,The Kati Roll Company
node,4724909637,40.75690950,-73.98144140,Marsh & McLennan 9/11 Memorial
node,4725833768,40.75419500,-73.98017310,Sidewalk Clock at 522 5th Avenue
node,4754291326,40.76066090,-73.99123410,375° Chicken 'n Fries
node,4755575514,40.75843350,-73.98310050,Tender
node,4755575515,40.75797150,-73.98522470,Sunglass Hut
node,4757137103,40.75832930,-73.98867920,Roxy Diner
node,4760672500,40.75456270,-73.98394140,Breads Bakery
node,4762031974,40.75347740,-73.98428820,Joe Coffee Company
node,4770624001,40.75614640,-73.98721070,West 42nd Street & 7th Avenue
node,4770624002,40.75626160,-73.98748410,West 42nd Street & 7th Avenue
node,4770624003,40.75565250,-73.98603060,West 42nd Street/Broadway
node,4770624017,40.75337360,-73.98690190,Pret A Manger
node,4782363329,40.76117860,-73.98344910,West 50th Street/7th Avenue
node,4782363330,40.76112510,-73.98349200,West 50th Street & 7th Avenue
node,4782363333,40.76084580,-73.98360190,7th Avenue & West 50th Street
node,4782363334,40.76079320,-73.98346730,7th Avenue/West 50th Street
node,4782363335,40.76060800,-73.98404970,West 49th Street/7th Avenue
node,4782363336,40.76066290,-73.98400360,West 49th Street & 7th Avenue
node,4782442667,40.75969380,-73.98007280,West 50th Street/Avenue of the Americas
node,4782442668,40.75974700,-73.98006070,West 50th Street/Avenue of the Americas
node,4782506030,40.75951610,-73.98132670,West 49th Street/Avenue of the Americas
node,4782506031,40.75947430,-73.98135740,West 49th Street/Avenue of the Americas
node,4788723927,40.75278360,-73.98361930,Lady M Cake Boutique
node,4794092321,40.76134870,-73.98227910,Ruth's Chris Steak House
node,4799733303,40.75921110,-73.98049820,Pebble Bar
node,4811335821,40.76078910,-73.98889570,My Travel To New York
node,4811957922,40.75362720,-73.98039420,& Other Stories
node,4825110721,40.76073620,-73.98324480,Yankees
node,4848258121,40.76063840,-73.99039510,N/A
node,4852149821,40.76090700,-73.99106340,Mistr
node,4862357722,40.75414040,-73.98986120,United States Post Office
node,4871184822,40.75319550,-73.98697810,Tees Gifts
node,4871184823,40.75467420,-73.98696250,Cute Souvenirs
node,4875073021,40.75763520,-73.98183830,McDonald's
node,4893055722,40.75812210,-73.98042410,Delis 48
node,4909127627,40.76121700,-73.98719100,Sombrero
node,4913377711,40.75559030,-73.99075070,KungFu Kitchen
node,4913377712,40.75552760,-73.99080110,Gem Pawnbrokers
node,4913377713,40.75567730,-73.99068410,Infinity Tattoo
node,4913377714,40.75565680,-73.99069850,N/A
node,4913377715,40.75570050,-73.99066620,The Hummus and Pita Co.
node,4913377716,40.75574980,-73.99063770,Fancy Perfumes
node,4913377717,40.75578590,-73.99062260,Corner News Grocery Store
node,4913377718,40.75513140,-73.99109210,N/A
node,4915842122,40.75534290,-73.98580110,N/A
node,4922094244,40.75755630,-73.99150670,Community Board 4
node,4922311228,40.76124910,-73.99035040,Amy's Bread
node,4922311229,40.76129580,-73.99030610,Empire Cleaners
node,4947157021,40.75884610,-73.98883980,Dough Donuts
node,4949167923,40.75501390,-73.99164440,Angelina Bakery
node,5017258825,40.75481840,-73.98759460,Wasabi
node,5026582327,40.76051730,-73.99002770,Becco
node,5026600021,40.76058210,-73.99015430,Lattanzi
node,5032403221,40.75900210,-73.98827430,John's Pizza
node,5041140405,40.75820630,-73.98702800,One Shubert Alley
node,5057079090,40.75998800,-73.99172630,Rudy's Bar & Grill
node,5061206121,40.76090890,-73.98533600,Da Marino
node,5083429924,40.75967990,-73.98454820,Big bus welcome center
node,5083430022,40.75645870,-73.98842260,Big bus information desk at madame Tussauds
node,5086527123,40.76096880,-73.99103980,Panda Express
node,5087643578,40.75386430,-73.99195130,Houndstooth Pub
node,5087643921,40.75518930,-73.99113010,8th Avenue & West 39th Street
node,5105725456,40.75463740,-73.98813100,Times Square–42nd Street
node,5106082761,40.75524770,-73.98754240,Times Square–42nd Street
node,5111464765,40.75577430,-73.98700310,Times Square–42nd Street
node,5111464772,40.75459940,-73.98803880,Times Square–42nd Street
node,5111471161,40.76127260,-73.98422180,50th Street
node,5111472138,40.75583230,-73.98709510,Times Square–42nd Street
node,5137895928,40.76006050,-73.98742050,Reidy Wine & Liquor
node,5167134219,40.75842880,-73.98140410,6th Avenue & West 47th Street
node,5167135149,40.75388740,-73.98466550,6th Avenue & West 40th Street
node,5167135150,40.75385130,-73.98541170,Blink Fitness
node,5167135731,40.75712830,-73.98233840,6th Avenue & West 45th Street
node,5167137422,40.75516450,-73.98376180,6th Avenue & West 42nd Street
node,5167137551,40.75280420,-73.98549300,6th Avenue & West 38th Street
node,5167137838,40.75595980,-73.98322510,6th Avenue & West 44th Street
node,5167141648,40.75462990,-73.98414390,6th Avenue & West 42nd Street
node,5167142430,40.75450840,-73.98420730,6th Avenue & West 42nd Street
node,5172045822,40.75755990,-73.98683660,Guy’s American Kitchen & Bar
node,5181120222,40.76071400,-73.98790980,Dutch Freds
node,5190567683,40.75268670,-73.98092030,N/A
node,5190570495,40.75260750,-73.98072820,N/A
node,5203454121,40.75446410,-73.98832870,N/A
node,5212949754,40.75451960,-73.99089900,Spandex House
node,5212949755,40.75432760,-73.99046180,Panda Thread International
node,5212949756,40.75303910,-73.98790700,East Coast Trimming
node,5213012293,40.75498980,-73.99014500,Daytona Braids & Trimmings
node,5213012294,40.75442870,-73.99071140,"Sil Thread, Inc."
node,5213012295,40.75488760,-73.98984080,"Steinlauf & Stoller, Inc."
node,5213012299,40.75389500,-73.98998850,3G Trimming Corp.
node,5213067721,40.75391910,-73.99136740,"Lauren Trimming, Inc."
node,5213067722,40.75423200,-73.99080140,Jonathan Embroidery Plus
node,5213067723,40.75351480,-73.99098650,G&R Fabric Inc.
node,5213067724,40.75417520,-73.99176120,Ebad Fabrics
node,5213067725,40.75266350,-73.98640800,Joyce Trimming Inc.
node,5213100625,40.75357970,-73.98847420,Leather Impact
node,5213100626,40.75434450,-73.99104470,"Guide Fabrics, Inc."
node,5213100627,40.75500730,-73.99063780,Bazar Fabrics
node,5213100630,40.75503160,-73.99073930,VDM Fabrics Inc.
node,5213100631,40.75466330,-73.98928690,Satex Fabrics
node,5213130660,40.75469990,-73.99001110,Swan Fabrics
node,5213130661,40.75506760,-73.99082650,Amin Fabrics
node,5213130662,40.75507420,-73.98893800,New York Elegant Fabrics
node,5213130663,40.75514690,-73.99043220,"Fabric House, Inc."
node,5213820730,40.75529100,-73.98416650,N/A
node,5213820731,40.75528410,-73.98682580,The Counter
node,5213930021,40.75478970,-73.98152510,United States Post Office
node,5213939821,40.75487500,-73.98171010,Dunkin'
node,5213966921,40.75546790,-73.98318320,FedEx
node,5224936886,40.75984520,-73.99172710,9th Avenue & West 44th Street
node,5224940635,40.75936990,-73.99056060,Thai Kitchen
node,5228777784,40.75270330,-73.98593000,Moe's Southwest Grill
node,5228861784,40.75292740,-73.98893800,Potbelly
node,5228861785,40.75308390,-73.98883870,Chipotle
node,5265703881,40.75606900,-73.99053310,8th Avenue & West 40th Street
node,5317406322,40.75594830,-73.98049690,Sophie’s
node,5328483492,40.75380230,-73.98510890,L’Adresse American Bistro
node,5341456177,40.75821230,-73.98900260,8th Avenue & West 43rd Street
node,5341456858,40.75933690,-73.98814400,8th Avenue & West 45th Street
node,5341457477,40.75648810,-73.98992550,West 41st Street & 8th Avenue
node,5342840058,40.75945750,-73.98945250,Private Eyes
node,5347848266,40.75334130,-73.98693210,Hale and Hearty Soups
node,5357529822,40.75708130,-73.99021270,Carlo’s Bakery
node,5371812658,40.75646520,-73.98133400,LS Mens Clothing
node,5390420688,40.75391060,-73.98822260,Wells Fargo
node,5391033282,40.75921340,-73.98825340,N/A
node,5391050240,40.75661740,-73.98268500,USPS
node,5391068330,40.75332740,-73.98088540,N/A
node,5395479121,40.75757150,-73.99059250,NYC Airporter
node,5401978034,40.75973150,-73.98366500,Times Square Gift Shop
node,5401978051,40.75480070,-73.98829550,Empanada Mama
node,5407863335,40.75866300,-73.98132900,47th–50th Streets–Rockefeller Center
node,5420034621,40.75620030,-73.98653220,Record Mart Inc
node,5425463232,40.75530360,-73.98696470,Ootoya
node,5425572212,40.75511700,-73.99098010,Corvo Coffee
node,5429181224,40.76089040,-73.99025670,Ritz Bar Lounge
node,5433333128,40.75641720,-73.98027030,Pavé
node,5461531784,40.75611290,-73.99085900,Carlos Bakery
node,5483625196,40.75426300,-73.99025400,Black Iron Burger
node,5513875021,40.76006020,-73.98437450,N/A
node,5519546126,40.76085070,-73.99110420,Mercury Bar
node,5520770925,40.75378600,-73.98033970,Chabad of Midtown Manhattan
node,5528676228,40.75797020,-73.98389460,Margon Restaurant
node,5578984004,40.75304610,-73.98409830,Blue Bottle Coffee
node,5613761713,40.75309770,-73.99134200,VapeNY
node,5620855721,40.75584500,-73.98227080,DB Bistro Moderne
node,5638109021,40.75779380,-73.99066940,Kaufman's Army & Navy
node,5648309722,40.75727190,-73.99044980,Grayline Tours
node,5651033397,40.75665950,-73.98894090,NY Gifts
node,5651033398,40.75664530,-73.98889660,Change Money
node,5664788646,40.75423670,-73.98890330,Café Grumpy
node,5697442714,40.76145030,-73.98766600,ScentElate
node,5752764087,40.75417450,-73.98882070,The Skylark
node,5796732654,40.75686390,-73.99035870,Jay's hallmark shop
node,5816354729,40.75362440,-73.99136980,District Social
node,5816447409,40.75391060,-73.99122600,Stitch Bar & Lounge
node,5816447410,40.75407510,-73.99165620,El Sabroso
node,5818318680,40.75536100,-73.99157270,Poketown
node,5818318681,40.75545550,-73.99175310,Rattle N Hum West
node,5818318906,40.75567390,-73.99115630,Chipotle
node,5818417408,40.75573870,-73.99111180,Jollibee
node,5818417409,40.75551520,-73.99126910,Pret A Manger
node,5825512054,40.75605080,-73.98608030,H&M
node,5840679445,40.76080420,-73.98420080,Junior's
node,5852302806,40.75435790,-73.98660720,CVS Pharmacy
node,5855965350,40.75818750,-73.99163340,CityMD
node,5855981040,40.75815800,-73.99155770,7-Eleven
node,5858990356,40.75401120,-73.98581730,Dos Toros Taqueria
node,5859226170,40.75448520,-73.98146770,Allen Edmonds
node,5859233816,40.75912680,-73.98019230,Allen Edmonds
node,5884922536,40.75998060,-73.98504230,Fossil
node,5884955676,40.75950770,-73.98415940,LOL Times Square Comedy Club
node,5891289418,40.75755400,-73.98991700,McDonald's
node,5891324852,40.75791660,-73.99099510,Burger King
node,5891429762,40.75782400,-73.99075670,DD Soup Dumpling & Fuji Hibachi
node,5897336785,40.75343310,-73.98275100,William Cullen Bryant
node,5922862086,40.76112970,-73.98397430,Junior's Deli
node,5923245890,40.75354490,-73.98126160,N/A
node,5923245891,40.75411650,-73.98264710,N/A
node,5923245892,40.75441890,-73.98333190,N/A
node,5923250657,40.76071830,-73.98069990,N/A
node,5929771424,40.75368830,-73.98049850,COS
node,5965754697,40.75884040,-73.98244370,"R. Gems, Inc."
node,5977179386,40.75976250,-73.98557000,Baked By Melissa
node,5982230986,40.75400700,-73.98169080,Mets Clubhouse Shop
node,5982234085,40.75935420,-73.98011730,NBC
node,5984435987,40.75971330,-73.99133580,Friki Tiki
node,5985763486,40.75814800,-73.98248480,Starbucks
node,5985838985,40.75965210,-73.98522540,Starbucks
node,5987980586,40.75742180,-73.98781450,Los Tacos No.1
node,6008970685,40.76067320,-73.98579300,Masseria Caffe & Bakery
node,6008979885,40.75898380,-73.99017590,St Kilda Coffee
node,6030389800,40.75722380,-73.98072550,Robusta Espresso Bar
node,6052834893,40.76095470,-73.99026350,La Pulperia
node,6053407685,40.75995740,-73.98313150,Toasties
node,6053487985,40.75390080,-73.98926030,Ben's Delicatessen
node,6067214131,40.75461260,-73.98592740,FedEx Office
node,6067214134,40.75415180,-73.98613870,Le Café Coffee
node,6068987529,40.75465860,-73.98740940,99¢ Fresh Pizza
node,6093646105,40.75416070,-73.98485390,Pret A Manger
node,6104250725,40.75353150,-73.98740510,Heytea
node,6104251096,40.75359400,-73.98735220,Capital One
node,6128599187,40.75323670,-73.99059600,Saxx made in italy
node,6128599387,40.75491430,-73.98966020,Henry and Pauline knitwear and j Rosen
node,6128599685,40.75338520,-73.99167090,Karen Miller
node,6128599688,40.75397770,-73.99046270,lionette
node,6128599691,40.75488620,-73.98973440,willow and clay
node,6128600885,40.75472160,-73.99033480,stoll America
node,6132778185,40.75725190,-73.98024430,classic watch inc suite 17
node,6133822485,40.75665050,-73.98414040,cafe un deux trois
node,6157219597,40.75925790,-73.99180740,Patron
node,6157219736,40.75894680,-73.99161120,N/A
node,6165189267,40.75740150,-73.98199950,Chick-fil-A
node,6233991149,40.76004180,-73.99168510,Poseidon Greek Bakery
node,6233991633,40.76014620,-73.99161960,Piccinini Bros
node,6233991635,40.76008630,-73.99164140,Turkish Cuisine
node,6233991645,40.76062690,-73.99127360,Obao
node,6233992393,40.76132370,-73.99074820,Tabouleh
node,6233993960,40.76119710,-73.99072220,N/A
node,6233995698,40.76137610,-73.99069470,Lilly's
node,6249882586,40.75930450,-73.98254530,Chipotle
node,6251053231,40.75950500,-73.98837140,MASH Army & Navy
node,6285668319,40.75849180,-73.98325400,Sushi By Bou
node,6288549410,40.75637720,-73.98279890,N/A
node,6288549411,40.75767950,-73.98180860,New York Gifts
node,6288550805,40.75753300,-73.98201280,N/A
node,6288552562,40.75467430,-73.98017210,N/A
node,6288552600,40.75639230,-73.98274900,6th Avenue Shopping Court
node,6288553042,40.76075290,-73.99106170,9th Avenue & West 46th Street
node,6308385086,40.75958920,-73.98461220,Lids
node,6308405188,40.75512460,-73.98633650,Foot Locker
node,6321504681,40.75642780,-73.98035540,St. Pat's Bar & Grill
node,6398536726,40.75828380,-73.98930370,Satin Dolls NYC
node,6400825486,40.75317670,-73.98742500,Mighty Quinn's
node,6418252593,40.75947480,-73.98477150,Olive Garden
node,6418252594,40.76087220,-73.98310330,Godiva Chocolatier
node,6421845186,40.75476200,-73.98694390,Joe's Pizza
node,6426977889,40.76016120,-73.98640340,Buffalo Wild Wings
node,6435972168,40.75454970,-73.98531760,N/A
node,6436470442,40.75350000,-73.98440000,N/A
node,6441649386,40.75885400,-73.98838470,Sugar Factory
node,6475002986,40.76127760,-73.98288730,Tad’s Steakhouse
node,6483003192,40.76011370,-73.98900510,Bar Centrale
node,6483237643,40.76004730,-73.99119630,Nizza
node,6501259685,40.75680750,-73.98670280,bella vita tranttoria
node,6561269443,40.76027870,-73.99074720,Bird & Branch
node,6566684054,40.75314590,-73.98512270,Starbucks
node,6596037385,40.75926760,-73.98430300,Hershey's Chocolate World
node,6611254403,40.75581900,-73.98018520,Kevin's Pub
node,6612404174,40.75639550,-73.98153220,Little Italy Pizza
node,6612404178,40.75556970,-73.98021920,Starbucks
node,6615272807,40.76137060,-73.98930850,N/A
node,6615272808,40.76144720,-73.98943930,N/A
node,6615272809,40.75633830,-73.98198290,Pret A Manger
node,6615272810,40.76099710,-73.99051730,Yum yum too
node,6615272811,40.76119570,-73.99085160,Hell's Kitchen barbers
node,6615272812,40.76103000,-73.99058280,N/A
node,6615272815,40.75677690,-73.98049390,Mitr Thai
node,6615272820,40.75660170,-73.98002870,Wine Wisdom
node,6615272821,40.75788790,-73.98311410,For five coffee roasters
node,6615272822,40.75705920,-73.98116630,Starbucks
node,6615272823,40.75618200,-73.98103870,Manhattan
node,6615272824,40.75599020,-73.98056260,The Dawson
node,6615272825,40.75711110,-73.98208480,Citibank
node,6615272827,40.75611330,-73.98087170,Chipotle
node,6615272828,40.75629790,-73.98189790,Xi'an Famous Foods
node,6615272829,40.75624380,-73.98121590,Valerie
node,6621617758,40.75640870,-73.98151990,Michail's barber shop
node,6622063385,40.75466120,-73.98818210,McDonald's
node,6635967648,40.75288440,-73.99063270,New York Combat Sambo
node,6654169785,40.75876260,-73.98889830,Smith's Bar
node,6672557458,40.75944050,-73.99158190,Mattress Firm
node,6672695800,40.75914820,-73.99065920,National
node,6680689500,40.75400620,-73.98291960,N/A
node,6751622968,40.75585720,-73.99090940,42nd Street–Port Authority Bus Terminal
node,6751642150,40.75579550,-73.99076470,42nd Street–Port Authority Bus Terminal
node,6751642166,40.75866520,-73.98857550,42nd Street–Port Authority Bus Terminal
node,6751642175,40.75870470,-73.98867950,42nd Street–Port Authority Bus Terminal
node,6751642215,40.76120420,-73.98698000,50th Street
node,6757777586,40.75980780,-73.98761250,Patis
node,6763864286,40.75264960,-73.98512400,Curry Dream
node,6767975287,40.75563410,-73.99071810,Grays Papaya
node,6796091086,40.75646060,-73.99030590,West 41st Street & 8th Avenue
node,6799000856,40.75533330,-73.98190070,Sports Injury & Pain Management Clinic of New York
node,6818352145,40.75431940,-73.98410340,N/A
node,6821294085,40.76139010,-73.99003770,Kiehl's
node,6836090976,40.75394560,-73.98955390,Tagine
node,6871135774,40.75804400,-73.98222120,Atlantica Wealth LLC
node,6920873860,40.75267390,-73.98130040,USPS
node,6920898090,40.75457440,-73.98023580,5th Avenue & West 44th Street
node,6920898108,40.75297880,-73.98140100,N/A
node,7006780985,40.75745040,-73.98937710,Cinnabon
node,7006781085,40.75744170,-73.98937800,N/A
node,7039664885,40.75965280,-73.98829300,A Slice of New York
node,7047004787,40.76060260,-73.99025450,Hold Fast
node,7047037587,40.75483740,-73.98276530,STK Midtown
node,7047049185,40.75523960,-73.98604130,St. Cloud Rooftop Bar
node,7047864187,40.75553300,-73.99028040,Castell Rooftop Lounge
node,7093921926,40.75799010,-73.98009770,Sean's Bar and Kitchen
node,7093921927,40.75806850,-73.98028710,Kitchen Paradise
node,7093921928,40.75821650,-73.98064290,Pronto Pizza
node,7093921929,40.75825360,-73.98073870,TsuroTonTan
node,7093921930,40.75816160,-73.98050630,Pig'n'Whistle
node,7093921931,40.75820370,-73.98056350,On The Rock
node,7093921932,40.75814570,-73.98060790,Yama Ramen
node,7093921940,40.75663730,-73.98010130,N/A
node,7093921941,40.75645170,-73.98040990,Ippudo
node,7093921942,40.75669650,-73.98028520,Pizza Foto
node,7093921943,40.75663450,-73.98075990,Subway
node,7093921944,40.75660810,-73.98069820,Via Brasil
node,7093921945,40.75680860,-73.98056920,Nino's 46
node,7093921947,40.75688050,-73.98074040,2 Bros. Pizza
node,7093921948,40.75681040,-73.98114590,Café Cello
node,7093921949,40.75750850,-73.98192440,T-Mobile
node,7093921951,40.75895380,-73.98085110,Aldo
node,7093921952,40.75906150,-73.98076770,Loft
node,7093921954,40.75907620,-73.98007090,Pineider
node,7093921955,40.75917390,-73.98030720,Studio Optix
node,7139389687,40.75587720,-73.98500950,Burger & Lobster
node,7172247185,40.75801180,-73.98411510,Mc Carthy's
node,7194269382,40.76108590,-73.99048220,3 Aces Barber Shop
node,7237979812,40.75358440,-73.99027280,Dress Me Up New York
node,7403521595,40.76135920,-73.99022130,Charlotte Jones
node,7415646095,40.75539340,-73.98978300,De Janeiro
node,7485622818,40.75990100,-73.98413900,49th Street
node,7495488804,40.75275570,-73.98351810,ROYCE' Chocolate Bryant Park
node,7613305939,40.75528580,-73.98721620,Times Square–42nd Street
node,7613305940,40.75559230,-73.98583880,Times Square
node,7618672833,40.75591090,-73.98858260,Times Square–42nd Street
node,7618672836,40.75509210,-73.98684710,Times Square–42nd Street
node,7618672865,40.75410520,-73.98281910,5th Avenue
node,7630776657,40.75561940,-73.98599790,Times Square
node,7633689337,40.75939460,-73.98454760,49th Street
node,7633689352,40.75384190,-73.98703600,Times Square–42nd Street
node,7633705531,40.75548180,-73.98634030,Times Square–42nd Street
node,7633705534,40.76080520,-73.98337780,49th Street
node,7650206920,40.75355580,-73.98518040,42nd Street–Bryant Park
node,7650206922,40.75793790,-73.98199150,47th–50th Streets–Rockefeller Center
node,7650206927,40.75932410,-73.98072490,47th–50th Streets–Rockefeller Center
node,7650206932,40.75935600,-73.98080490,47th–50th Streets–Rockefeller Center
node,7653858222,40.75676790,-73.98823580,The Duke on 42nd Street
node,7656750813,40.75390610,-73.98713600,Times Square–42nd Street
node,7657247704,40.75497810,-73.98399050,42nd Street–Bryant Park
node,7657247706,40.75494730,-73.98390990,42nd Street–Bryant Park
node,7728828113,40.75876570,-73.98517000,N/A
node,7728828114,40.75874960,-73.98512560,N/A
node,7758176114,40.75586530,-73.98264070,N/A
node,7780676529,40.75294900,-73.98401060,Stella and Charles Guttman Community College
node,7820953442,40.75313520,-73.98826470,Jimmy’s
node,7820953443,40.75420030,-73.98705070,N/A
node,7902767119,40.75544760,-73.98001290,Diamond Braces
node,7951134793,40.75428290,-73.98013740,N/A
node,7951223515,40.75362870,-73.99123810,Gogi
node,7951223518,40.75502460,-73.99115810,Payomatic
node,7951223519,40.75484630,-73.99128710,Zara News
node,7951223520,40.75465590,-73.99123590,Sakura Of Japan
node,7951223521,40.75424170,-73.99172340,Pizzacafe
node,7951223523,40.75742360,-73.98982530,N/A
node,7951223524,40.75497290,-73.99119130,N/A
node,7951223525,40.75469930,-73.99133040,Black Burger
node,7951223526,40.75463640,-73.99118710,Go! Go! Curry!
node,7951223527,40.75374780,-73.99154250,Little Diana
node,7951223530,40.75547590,-73.99083700,Blue Maiz Kitchen
node,7951223531,40.75489500,-73.99126060,Gifts And Luggage
node,7951223532,40.75467710,-73.99128080,Poke Bowl
node,8062702032,40.75275330,-73.98755180,AO Organic Japanese
node,8250892564,40.76031080,-73.98700760,N/A
node,8250908768,40.75817400,-73.98433630,N/A
node,8318633102,40.75697550,-73.98355880,N/A
node,8318633105,40.75748480,-73.98277170,N/A
node,8318633109,40.76103380,-73.98142100,N/A
node,8396064852,40.75816810,-73.98628430,N/A
node,8396878497,40.75644130,-73.98409100,N/A
node,8396878500,40.75632460,-73.98532300,N/A
node,8402020646,40.75582120,-73.99024480,N/A
node,8418834099,40.75285910,-73.98752450,CAVA
node,8441992774,40.75877970,-73.99119440,350 West 43rd Street
node,8475971454,40.75391240,-73.98865100,7th Avenue & West 39th Street
node,8659721020,40.75530700,-73.98892710,jacks.
node,8669764314,40.75759410,-73.98833450,N/A
node,8669771128,40.75723120,-73.98732030,Haru Sushi
node,8670146200,40.75791720,-73.98905030,The Times Eatery
node,8704367787,40.76125530,-73.98536750,N/A
node,8729437327,40.75546870,-73.98515760,Verizon
node,8729437328,40.75524020,-73.98555420,N/A
node,8729437329,40.75509050,-73.98520500,N/A
node,8729437331,40.75554840,-73.98531840,Charlie Palmer Steak
node,8751484471,40.75490080,-73.98506800,N/A
node,8751484482,40.75489300,-73.98525300,N/A
node,8751484555,40.75488660,-73.98513300,N/A
node,8751484561,40.75477220,-73.98516810,N/A
node,8751484562,40.75476120,-73.98525130,N/A
node,8751484605,40.75472060,-73.98538070,N/A
node,8757557471,40.76138760,-73.98045600,Mastro's
node,8794574445,40.75933620,-73.98321150,N/A
node,8808753152,40.75544760,-73.98180890,Bright Smile Design Dental
node,8808753154,40.75781150,-73.98098280,Sell Diamonds NYC
node,8872982360,40.75378940,-73.98683260,CityMD
node,8872982361,40.75387000,-73.98687920,N/A
node,8872982362,40.75385380,-73.98680850,Cook
node,8872982363,40.75349250,-73.98528490,N/A
node,8872982364,40.75353750,-73.98481950,N/A
node,8872982365,40.75375590,-73.98570070,N/A
node,8872982366,40.75326910,-73.98509380,N/A
node,8872982367,40.75391460,-73.98679190,CBD Kratom
node,8872982368,40.75416470,-73.98680370,N/A
node,8872982369,40.75474810,-73.98688500,N/A
node,8872982370,40.75415270,-73.98658600,Link NYC
node,8872982371,40.75398690,-73.98625000,N/A
node,8872982372,40.75363250,-73.98540740,N/A
node,8872982375,40.75372790,-73.98685100,Just Salad
node,8872982376,40.75373120,-73.98577900,Croton Reservoir Tavern
node,8872982377,40.75432580,-73.98717180,Starbucks
node,8872982378,40.75395130,-73.98685260,N/A
node,9045283631,40.76146040,-73.98694930,N/A
node,9045283632,40.76139840,-73.98700030,Gifts & Luggage
node,9045283634,40.76104640,-73.98675550,N/A
node,9049400008,40.76124350,-73.98392510,Gifts and Luggage
node,9201440699,40.75648080,-73.99080970,Port Authority Pick Up
node,9201440711,40.75639910,-73.99072360,Port Authority Pick Up
node,9283557221,40.75325220,-73.98789510,Dig
node,9313170137,40.75273850,-73.98537240,Fresh Pizza 99 Cents
node,9313439658,40.76096890,-73.98459130,CVS Pharmacy
node,9313457709,40.76074660,-73.98475120,The Harrison Restaurant & Bar
node,9315946320,40.75480450,-73.98444630,Bucherer
node,9472159125,40.75888050,-73.98551360,Aerie
node,9490966717,40.75301880,-73.98683950,N/A
node,9501915450,40.75791250,-73.98200310,N/A
node,9501915451,40.75727530,-73.98245310,Citi Bike
node,9501915452,40.75935780,-73.98047320,Dunkin'
node,9543419088,40.75363180,-73.98685120,Stubhub
node,9649588082,40.75497010,-73.99174320,Ripley-Grier Flexible Spaces
node,9674241492,40.75879270,-73.98462310,Pelé Soccer
node,9699175979,40.75910320,-73.99187250,Rind
node,9699194096,40.75788560,-73.98958350,Chick-fil-A
node,9725272617,40.75473340,-73.98812260,99¢ Delicious Pizza
node,9749233913,40.75969920,-73.98822020,All'Antico Vinaio
node,9777640617,40.75803720,-73.98888230,Famous Famiglia Pizza
node,9784352417,40.75994200,-73.98163720,Le Caffe Coffee
node,9815615205,40.76042740,-73.98406450,Famous Original Ray's Pizza
node,9945650418,40.75299920,-73.98021040,Tabletime
node,9966731697,40.75956280,-73.98709030,Hamilton: The Store
node,10087482395,40.75817210,-73.98885820,8th Ave Gifts
node,10151666949,40.75537200,-73.98775270,Carnegie Pizza
node,10158132117,40.75514630,-73.98731130,Yard House
node,10198020635,40.75881560,-73.98896120,Mama's Pizza
node,10224009800,40.75934350,-73.99172580,Tim Ho Wan
node,10224024740,40.75708690,-73.98602730,N/A
node,10224024741,40.75707190,-73.98589210,N/A
node,10224024747,40.75686860,-73.98599920,N/A
node,10224024750,40.75718240,-73.98590020,N/A
node,10224024751,40.75688850,-73.98611120,N/A
node,10224024752,40.75695410,-73.98609030,N/A
node,10224024797,40.75635510,-73.98615300,N/A
node,10224032634,40.75742120,-73.98576420,N/A
node,10224032635,40.75736350,-73.98571320,N/A
node,10224032636,40.75775030,-73.98553070,N/A
node,10224032637,40.75671000,-73.98612990,N/A
node,10228962344,40.75911650,-73.98478530,N/A
node,10228962345,40.75906200,-73.98482420,N/A
node,10228962360,40.75925640,-73.98516500,N/A
node,10228962361,40.75922640,-73.98505650,N/A
node,10228962362,40.75916830,-73.98507790,N/A
node,10228962363,40.75901510,-73.98494890,N/A
node,10228962364,40.75903820,-73.98505050,N/A
node,10228962372,40.75897950,-73.98522080,N/A
node,10228962378,40.75824960,-73.98546060,N/A
node,10228962379,40.75855210,-73.98542060,N/A
node,10228962380,40.75851910,-73.98534320,N/A
node,10228962381,40.75828710,-73.98553280,N/A
node,10228962556,40.76023810,-73.98488230,N/A
node,10236585208,40.75927840,-73.98065360,Magnolia Bakery
node,10244555146,40.75650370,-73.98082380,Julio Jewelry Manufacturers Inc
node,10246738229,40.75279040,-73.98341670,“The Engineers Club”
node,10246738230,40.75442990,-73.98426680,Benito Juárez
node,10268795586,40.75266070,-73.98729640,N/A
node,10268795658,40.75306390,-73.98719760,N/A
node,10268795792,40.75370190,-73.98694790,N/A
node,10268795793,40.75376450,-73.98699480,N/A
node,10268795794,40.75413050,-73.98687410,N/A
node,10268944190,40.75445720,-73.98676200,N/A
node,10268944191,40.75485850,-73.98660980,N/A
node,10268955411,40.75398930,-73.98716020,N/A
node,10268955417,40.75395960,-73.98719280,N/A
node,10268955432,40.75383260,-73.98723780,N/A
node,10268955435,40.75389110,-73.98733960,N/A
node,10268955460,40.75396850,-73.98727620,N/A
node,10268955465,40.75382010,-73.98729170,N/A
node,10268955475,40.75385930,-73.98740280,N/A
node,10268955483,40.75410180,-73.98712480,N/A
node,10268955491,40.75417350,-73.98714390,N/A
node,10268955492,40.75422120,-73.98714310,N/A
node,10268955493,40.75425910,-73.98707260,N/A
node,10268955504,40.75428210,-73.98701330,N/A
node,10268955550,40.75562620,-73.98640330,N/A
node,10547810049,40.76013540,-73.98322830,Ichiran
node,10552881680,40.76144410,-73.98964570,Delphinium Home
node,10559992345,40.75975770,-73.98371920,Little Italy Pizza
node,10568411909,40.76098660,-73.98227410,Urban Hawker
node,10573838489,40.75271440,-73.98332020,Chipotle
node,10577354390,40.75669640,-73.98902460,IT'SUGAR
node,10616997403,40.75648870,-73.98977420,Bluestone Lane
node,10686429932,40.75641780,-73.99069720,Port Authority Pick Up
node,10790851620,40.75782260,-73.98160070,Universal Jewelers
node,10790851621,40.75779680,-73.98153840,Javier the Jeweler
node,10790851623,40.75806240,-73.98152420,Malidani Jewelry Exchange
node,10790910462,40.75307940,-73.98093980,Orvis
node,10791083576,40.75704560,-73.98697030,Brooklyn Deli
node,10791218141,40.76030240,-73.98496370,Krispy Kreme
node,10791218142,40.75865850,-73.98560260,T-Mobile
node,10793024892,40.75804020,-73.98021190,Mr. Sun
node,10793579016,40.75987020,-73.98392650,NYC Mega Mart
node,10793579017,40.75980210,-73.98368810,Sarah's Visions
node,10793579018,40.75983930,-73.98366210,Art Ink Tattoo
node,10794176923,40.76004790,-73.98379660,Lagos TSQ
node,10800150639,40.75471380,-73.98552960,Carrot Express
node,10803117097,40.75960730,-73.99146310,N/A
node,10812448859,40.75784840,-73.98166390,47th Street Diamond Exchange
node,10812448860,40.75789940,-73.98125130,Valley Bank
node,10812448861,40.75796930,-73.98141890,Zoland Diamond & Jewelry Exchange
node,10812448863,40.75776770,-73.98147870,Leon Diamond
node,10817203424,40.76079090,-73.99113910,Jooy Tea Shoppe
node,10828709898,40.75785950,-73.98592590,LINE FRIENDS
node,10861612276,40.75843830,-73.98409320,Top Quality Setting
node,10879790518,40.75863270,-73.99129250,Ivy Nails & Spa
node,10879790519,40.75812700,-73.99148470,Star A Kidz
node,10879790521,40.75821860,-73.99170810,Mid City Gym
node,10911239376,40.75870800,-73.99146940,Oxford Cleaners
node,10923531395,40.75297010,-73.98630960,George Shoe Repair
node,10960870136,40.75773470,-73.98533100,McDonald's
node,10960870137,40.75758710,-73.98540970,I Love NY Gifts
node,10960870138,40.75742730,-73.98547270,Old Navy
node,10968151805,40.75999770,-73.99186000,M & Pizza
node,11027927522,40.75619040,-73.98186380,Millennial Plastic Surgery
node,11043134801,40.75318870,-73.98124690,5th Avenue & West 42nd Street
node,11043134802,40.75452900,-73.98012720,5th Avenue & West 44th Street
node,11043235442,40.75314490,-73.98113220,5th Avenue & West 42nd Street
node,11048022206,40.75534000,-73.99093830,Berlina Café
node,11051498568,40.75975630,-73.98819240,Bistro 46
node,11061450505,40.75935940,-73.99108730,Etcetera Etcetera
node,11079657105,40.75751370,-73.98408450,Bar 54
node,11105983005,40.75623310,-73.99077920,Becco
node,11175531741,40.75817230,-73.98067420,Psychic Readings
node,11175531742,40.75830680,-73.98086680,The Elgin
node,11190216069,40.75766960,-73.98033340,Setra New York
node,11197724009,40.75856920,-73.98848790,Duane Reade
node,11207266999,40.75693860,-73.98071870,New You Laser
node,11225778137,40.76055340,-73.99086030,Tasty Hand Pulled Noodles II
node,11242273442,40.75717330,-73.98143820,Orangetheory Fitness
node,11335080026,40.76037190,-73.98076620,Avra Rockefeller Center
node,11342349919,40.75520770,-73.98928670,Times Square Pizza
node,11342352386,40.75493050,-73.98866490,Lot-Less
node,11399352939,40.75261660,-73.98968260,Nature Republic
node,11399352940,40.75257310,-73.98971050,Wine & Liquor
node,11399352941,40.75287130,-73.98950940,Chase
node,11399352942,40.75312850,-73.98931240,CVS Pharmacy
node,11399352943,40.75327250,-73.98921010,NY Bakery & Desserts
node,11399352944,40.75322260,-73.98914210,N/A
node,11399352945,40.75349500,-73.98905980,Citizens Bank
node,11399352946,40.75368340,-73.98889620,Chocolate Dip
node,11399352947,40.75370680,-73.98887540,Sativa Cannabis
node,11399352948,40.75373120,-73.98885530,Danielle's Jewelry
node,11399352949,40.75376280,-73.98882660,Baked by Melissa
node,11399352950,40.75379220,-73.98880410,New York Gifts
node,11399352951,40.75408170,-73.98862070,Pret A Manger
node,11399352952,40.75433060,-73.98845250,Bank of America
node,11399352953,40.75454500,-73.98827460,Frame Gourmet Eatery
node,11399352954,40.75470560,-73.98814040,Smoker's World
node,11399352955,40.75477370,-73.98822490,Smoke City
node,11399352956,40.75516600,-73.98782580,New York Gifts & Luggage
node,11399352958,40.75490940,-73.98752940,Paris Baguette
node,11399352960,40.75425030,-73.98788480,Gregory's Coffee
node,11399352961,40.75413180,-73.98791360,Chase
node,11399352962,40.75382380,-73.98829890,FedEx Office
node,11399352963,40.75368510,-73.98841070,Starbucks
node,11399352964,40.75330530,-73.98866930,Healthyline
node,11399352965,40.75322060,-73.98874280,Café Hestia
node,11399352966,40.75270380,-73.98910900,Fresh & Co
node,11399352967,40.75260700,-73.98919730,FashON7
node,11408018369,40.75991220,-73.99125260,Gregory’s
node,11418235696,40.75393890,-73.98871190,Italian Trattoria
node,11425773528,40.75851890,-73.98940900,Society’s SmokeShop
node,11505171169,40.75374450,-73.98255300,Bryant Park Café
node,11536106180,40.75406900,-73.98492410,Cafe Zaiya
node,11545465905,40.75350990,-73.98648540,Elevate Egg Donors and Surrogates
node,11558072978,40.75342590,-73.99026700,Steinlof & Stoller
node,11579645407,40.75675850,-73.98117950,Danny's Hair Salon & Spa
node,11674339847,40.75683550,-73.98063330,Mala Project
node,11674339848,40.75686150,-73.98069530,Akdeniz
node,11675219100,40.75691290,-73.98073750,Beyond Bespole Tailor Shop
node,11675219101,40.75689380,-73.98077220,Carmen's Kitchen
node,11675219102,40.75683390,-73.98054940,Red Ruby Nails & Spa
node,11762007633,40.75372800,-73.98515740,Citibank
node,11762033170,40.75389050,-73.98507760,Zucker's Bagels & Smoked Fish
node,11762145163,40.75315300,-73.98435250,FedEx Office
node,11773867097,40.76068210,-73.98662200,PS Kitchen
node,11838856172,40.76105240,-73.98683600,N/A
node,11861000618,40.75376790,-73.98586480,Handcraft Burgers & Brew
node,11866583657,40.75687610,-73.98154990,N/A
node,11872523712,40.75444560,-73.98749100,City Parking
node,11872544748,40.75469700,-73.98744130,Marc Joseph Salon & Spa
node,11872565844,40.75467570,-73.98744890,The Independent
node,11872566635,40.75463140,-73.98731490,Icon
node,11872590937,40.75483450,-73.98648780,Paris Baguette
node,11872686042,40.75467470,-73.98546920,Equinox
node,11872704825,40.75486640,-73.98537200,Valbella at the Park
node,11872731412,40.75473390,-73.98540240,Shake Shack
node,11872851264,40.75455410,-73.98301080,Joe & The Juice
node,11872859723,40.75459740,-73.98308930,Sweetgreen
node,11895576969,40.75533820,-73.99095150,Berlina Cafe
node,11904533390,40.75809010,-73.98515970,U.S. Polo Assn.
node,11904533391,40.75822710,-73.98576690,Swatch
node,11904533392,40.75834840,-73.98572860,Levi's
node,11904533393,40.75846180,-73.98568470,Invicta
node,11904533394,40.75856270,-73.98563540,Sephora
node,11918740847,40.75686380,-73.98522850,O'Donoghue's
node,11918780630,40.75527260,-73.98070650,Strip House
node,11918781631,40.76026530,-73.98953440,Le Rivage
node,11933299269,40.75766810,-73.98969280,Little Italy Pizza
node,11953904893,40.75798900,-73.98038900,"Dr. Fred E. Grapel, D.D.S. (Dentist)"
node,11971148597,40.75708290,-73.99130670,N/A
node,12038054007,40.75627820,-73.98585810,Nasdaq MarketSite
node,12045059816,40.75404750,-73.98591630,Glaze
node,12101284215,40.76023200,-73.98869680,Kyuramen
node,12122366594,40.75600010,-73.98923190,The Times Center
node,12122432674,40.75599100,-73.99044150,Starbucks
node,12165674101,40.75494730,-73.98801760,NYC Megamart Gifts and Luggage
node,12175585351,40.75890430,-73.98618480,Marquis Theatre
node,12177578855,40.76036590,-73.99099370,Midtown Deli Corp. Deli Grocery
node,12177578856,40.76075940,-73.99069830,9th Avenue Saloon
node,12177578857,40.76070480,-73.99120330,Le Sia
node,12177578858,40.76051950,-73.99088450,Matto Espresso
node,12177578859,40.76043420,-73.99095250,Smoke N Vape
node,12177578860,40.76045880,-73.99093390,Juice Generation
node,12177578861,40.76039920,-73.99097240,Loveley's Old Fashioned Hamburgers
node,12177578862,40.76071180,-73.99073020,Nan Xiang Express Dumplings
node,12207819344,40.76091790,-73.98232120,Kopifellas
node,12207824657,40.76095350,-73.98230110,Jakarta Munch
node,12209038072,40.75955710,-73.98706820,Le Parisien Bakery
node,12237980160,40.75834010,-73.98602250,Anita Gelato
node,12244426994,40.75850730,-73.98586730,Revel & Rye
node,12246616257,40.75855720,-73.98656320,Starbucks
node,12319626486,40.75934260,-73.98839280,N/A
node,12319626487,40.75975990,-73.98810770,N/A
node,12319626490,40.75962350,-73.98817970,N/A
node,12319626492,40.75966850,-73.98815590,N/A
node,12319626493,40.75947520,-73.98829580,N/A
node,12319626495,40.75942050,-73.98833100,N/A
node,12319626499,40.75955530,-73.98823480,N/A
node,12322937601,40.75767370,-73.98054490,Taam Tov
node,12465931164,40.75488170,-73.98847330,Lenwich
node,12488728935,40.75770630,-73.98603840,Tissot
node,12488728936,40.75762090,-73.98609170,Skechers
node,12488728937,40.75730860,-73.98634450,Raising Cane's
node,12488728938,40.75713170,-73.98645210,Taco Bell Cantina
node,12488728939,40.75709220,-73.98647690,Lids
node,12488728940,40.75766870,-73.98538890,Popeyes
node,12488728941,40.75688230,-73.98577770,Jollibee
node,12488728942,40.75677180,-73.98581270,Carlo's
node,12517105503,40.75575460,-73.98458420,Stephen Sondheim Theatre
node,12548036252,40.75751470,-73.98028290,Smash House
node,12626572250,40.75390010,-73.98081820,Calzedonia
node,12629120436,40.75323110,-73.98073520,Dunkin'
node,12629120438,40.75317800,-73.98061010,NY Gifts
node,12631340870,40.75321200,-73.98084520,Deco
node,12631340871,40.75323410,-73.98082120,Cha Cha Macha
node,12631340872,40.75318120,-73.98086520,Joseph Edwards
node,12637253323,40.75531620,-73.98680150,Angelina Bakery 7 Times Square
node,12646644779,40.75639180,-73.98020810,Metropolitan Commercial Bank
node,12646645001,40.76012030,-73.98724990,The Woo Woo
node,12662586701,40.76022730,-73.98931140,Dim Sum Palace
node,12738172134,40.75361590,-73.99149010,Chatti
node,12742152178,40.75681000,-73.99047830,Upstairs Wine
node,12750167119,40.75971000,-73.98360000,TSQ Food Court
node,12818145480,40.75966080,-73.98328310,RT60 Rooftop Bar & Lounge
node,12857850351,40.75612520,-73.98480620,Bar Mexicana
node,12857850352,40.75379710,-73.98593650,Simply Noodles & Dim Sum
node,12875327346,40.75720880,-73.98067920,Qollateral - Luxury Collateral Loan & Financing Firm
node,12898340499,40.75364500,-73.98677720,Elsie Rooftop
node,12909830713,40.75437960,-73.98917400,Bao Bao Cafe
node,12917458452,40.75551310,-73.98010410,Wendy's
node,12917458453,40.75574620,-73.98001410,Megan's
node,12917458454,40.75621310,-73.98111820,Lolita
node,12917458455,40.75674360,-73.98227900,Ground Central
node,12917521994,40.75698990,-73.98281280,Charles Tyrwhitt
node,12917521995,40.75684570,-73.98337730,Dill & Parsley
node,12917521996,40.75688730,-73.98349000,Gumption Coffee
node,12917521997,40.75724790,-73.98353960,Merrion Row
node,12917521998,40.75708140,-73.98386810,Bobby Van's Grill
node,12917521999,40.75752830,-73.98419000,T45
node,12917522701,40.75744300,-73.98468750,Starbucks
node,12917522702,40.75840690,-73.98493690,N/A
node,12917522703,40.75807680,-73.98422480,Le Marais
node,12917522704,40.75803660,-73.98414960,Abbondanza Cafe
node,12917522705,40.75800460,-73.98405800,Prime Catch
node,12917522706,40.75798100,-73.98400720,Silky Kitchen
node,12917522707,40.75651800,-73.98052380,Chazz Palminteri
node,12923850477,40.75336310,-73.98181910,The Lionel Pincus and Princess Firyal Map Division
node,12956856877,40.75917750,-73.98112600,N/A
node,12968777478,40.75749880,-73.98483140,Duane Reade
node,12988501252,40.76029770,-73.99080940,El Rancho Burritos
node,12998414902,40.75617520,-73.99190290,Dear Irving on Hudson
node,13018681178,40.75546830,-73.98935380,N/A
node,13025371401,40.75717620,-73.98923630,Five Below
node,13034372961,40.75562860,-73.99023960,Boqueria W40th
node,13036069555,40.75342000,-73.98910530,Made in New York Pizza
node,13036069556,40.75511230,-73.98786740,CBD Boutique
node,13075112801,40.75611500,-73.98154960,BOOKOFF New York
node,13075116701,40.75611500,-73.98154960,BOOKOFF New York
way,22727025,40.75375080,-73.98353840,Bryant Park
way,108160358,40.75688050,-73.99170800,Port Authority Bus Terminal
way,113690621,40.75669000,-73.98158980,Marsh & McLennan Public Space
way,160905765,40.76132230,-73.98866690,Midtown West School PS 212
way,163502865,40.76161460,-73.98342310,Winter Garden Theatre
way,218327131,40.75481570,-73.98515830,Verizon Plaza
way,258619240,40.75915320,-73.98492710,TKTS
way,258646143,40.75651430,-73.98638260,NYPD Times Square Substation
way,265281584,40.75313270,-73.99034940,FDNY Engine 26
way,265302076,40.75321820,-73.98224540,Stephen A. Schwarzman Building
way,265320169,40.75925300,-73.98920060,Al Hirschfeld Theatre
way,265320987,40.76157250,-73.99157110,Saint Clement's Church
way,265322610,40.76130520,-73.98903780,Congregation Ezrath Israel
way,265932613,40.75305670,-73.98053730,Nat Sherman Townhouse
way,266024854,40.75986710,-73.98868290,St. Luke's Church
way,266033991,40.75715560,-73.98811920,American Airlines Theatre
way,266033992,40.75815310,-73.99116360,Holy Cross Church
way,266033995,40.75840330,-73.99094830,Holy Cross School
way,266034047,40.75655920,-73.98745230,New Victory Theater
way,266034050,40.75678370,-73.98746510,Lyric Theatre
way,266034057,40.75908940,-73.99182270,Grind
way,266034074,40.75682800,-73.98804220,American Airlines Theatre
way,266034075,40.75902370,-73.99060460,N/A
way,266077861,40.75898010,-73.99128160,McCaffrey Playground
way,266113539,40.76144890,-73.98934550,Ramone Aponte Park
way,266143298,40.75670580,-73.98925910,AMC Empire 25
way,266143307,40.75617230,-73.98793090,Aldo
way,266143337,40.75549720,-73.98830230,Nederlander Theatre
way,266143344,40.75596830,-73.98803530,New Amsterdam Theatre
way,266143356,40.75767290,-73.99194880,United States Post Office
way,266149297,40.76010700,-73.98614460,Barrymore Theatre
way,266149298,40.75861430,-73.98773340,Bernard B. Jacobs Theatre
way,266149299,40.75836520,-73.98709370,Booth Theatre
way,266149300,40.75827250,-73.98761700,Broadhurst Theatre
way,266149301,40.75994930,-73.98698540,Lena Horne Theatre
way,266149302,40.75850140,-73.98743220,Gerald Schoenfeld Theatre
way,266149304,40.75785130,-73.98784170,Helen Hayes Theatre
way,266149309,40.75946160,-73.98656520,Church of Scientology of New York
way,266149315,40.75771500,-73.98824820,N/A
way,266149318,40.76027000,-73.98654970,N/A
way,266149324,40.75932740,-73.98792920,Playwright Celtic Pub
way,266149325,40.75870970,-73.98796740,John Golden Theatre
way,266149326,40.76033810,-73.98595360,Longacre Theatre
way,266149327,40.75918320,-73.98589370,Lunt-Fontanne Theatre
way,266149328,40.75841540,-73.98801820,Majestic Theatre
way,266149329,40.75887260,-73.98715090,Music Box Theatre
way,266149330,40.75903880,-73.98674310,Richard Rodgers Theatre
way,266149331,40.76037990,-73.98673660,Samuel J. Friedman Theatre
way,266149332,40.75776180,-73.98761080,Sardi's
way,266149334,40.75813880,-73.98725630,Shubert Theatre
way,266149336,40.75799010,-73.98815420,St. James Theatre
way,266149345,40.75910870,-73.98714380,Imperial Theatre
way,266149352,40.76075800,-73.98682250,FDNY Engine 54/Ladder 4/Battalion 9
way,266149365,40.75871220,-73.98829970,Row NYC Hotel
way,266151908,40.76124700,-73.98498960,Ambassador Theatre
way,266151909,40.76108590,-73.98575400,Eugene O'Neill Theatre
way,266151919,40.76157160,-73.98574490,Saint Malachy Church
way,266151926,40.76068110,-73.98558460,Walter Kerr Theatre
way,266170537,40.75835780,-73.98361590,Church of Saint Mary the Virgin
way,266170540,40.75735830,-73.98358820,Connolly's
way,266170541,40.75911780,-73.98307670,James Earl Jones Theatre
way,266170542,40.75856290,-73.98367750,Dervish
way,266170553,40.75792980,-73.98292760,Harold and Miriam Steinberg Center for Theatre
way,266170658,40.75530750,-73.98172230,The Penn Club
way,266170661,40.75501880,-73.98193100,FDNY Engine 65
way,266170669,40.75779970,-73.97995040,Wu Liang Ye
way,266170672,40.75659390,-73.98096420,N/A
way,266170732,40.75608360,-73.98243410,The Blue Bar
way,266170751,40.75711160,-73.98443990,Hudson Theatre
way,266170755,40.75788290,-73.98449400,Lyceum Theatre
way,266170759,40.75784430,-73.98392580,Amor Loco
way,266170760,40.75739560,-73.98367990,Perfect Pint
way,266170762,40.75448790,-73.98216800,SUNY State College of Optometry
way,266170782,40.75655140,-73.98512520,N/A
way,266170809,40.75614880,-73.98268560,The Red Flame
way,266170835,40.75665490,-73.98379190,Belasco Theatre
way,288431451,40.76054530,-73.98916280,N/A
way,288448675,40.75969630,-73.99026130,N/A
way,288448676,40.75792480,-73.99036540,N/A
way,288448677,40.75899070,-73.98933310,N/A
way,458511171,40.76036320,-73.98239860,745 Plaza
way,513706052,40.75789730,-73.98918580,"Times Square–42nd Street (A,C,E)"
way,513706084,40.75550160,-73.98771450,Times Square–42nd Street (7)
way,513706097,40.75521030,-73.98747480,"Times Square–42nd Street (1,2,3)"
way,513706098,40.75527000,-73.98761480,"Times Square–42nd Street (1,2,3)"
way,513706117,40.75543350,-73.98546530,Times Square–42nd Street (S)
way,513706124,40.75473000,-73.98665820,"Times Square–42nd Street (N,Q,R,W)"
way,513706125,40.75475600,-73.98680910,"Times Square–42nd Street (N,Q,R,W)"
way,525428788,40.76183780,-73.98366060,50th Street
way,525428789,40.76191430,-73.98388280,50th Street
way,591988954,40.75652160,-73.98864180,Dave & Buster's
way,591988959,40.75657810,-73.98877790,Applebee's
way,702073570,40.75347720,-73.98428920,N/A
way,702073573,40.75418880,-73.98423810,N/A
way,702073574,40.75430740,-73.98400850,N/A
way,702073575,40.75416800,-73.98418880,N/A
way,702073576,40.75436960,-73.98391430,N/A
way,702073577,40.75427700,-73.98393610,N/A
way,702073578,40.75433350,-73.98342710,N/A
way,702073579,40.75429910,-73.98334500,N/A
way,702073580,40.75428810,-73.98346040,N/A
way,702073581,40.75425360,-73.98337830,N/A
way,702073582,40.75400130,-73.98303750,N/A
way,702073583,40.75427910,-73.98369880,N/A
way,702073584,40.75405100,-73.98273990,N/A
way,702073585,40.75391150,-73.98282260,N/A
way,702073586,40.75334120,-73.98404660,N/A
way,702073587,40.75340400,-73.98432360,N/A
way,702073588,40.75338660,-73.98401330,N/A
way,702073589,40.75337580,-73.98412870,N/A
way,702073590,40.75330250,-73.98388360,N/A
way,702073591,40.75342130,-73.98409550,N/A
way,702073592,40.75347300,-73.98428940,N/A
way,702073593,40.75357910,-73.98421170,N/A
way,702073594,40.75299500,-73.98331900,N/A
way,702073595,40.75324870,-73.98295830,N/A
way,702073596,40.75382700,-73.98459080,N/A
way,702073597,40.75386370,-73.98221230,N/A
way,702073598,40.75359100,-73.98159100,N/A
way,702073599,40.75401540,-73.98257190,N/A
way,702073600,40.75348520,-73.98144820,N/A
way,702073601,40.75355250,-73.98141900,N/A
way,702073602,40.75348190,-73.98125130,N/A
way,702073603,40.75344740,-73.98135820,N/A
way,702073604,40.75323730,-73.98132870,N/A
way,702073605,40.75339860,-73.98124210,N/A
way,702073606,40.75332120,-73.98147790,N/A
way,702073607,40.75339810,-73.98147680,N/A
way,702073609,40.75257080,-73.98211470,N/A
way,702073612,40.75264340,-73.98204000,N/A
way,702073613,40.75262760,-73.98177700,N/A
way,702073614,40.75297800,-73.98317190,N/A
way,702073615,40.75267490,-73.98194510,N/A
way,702073616,40.75330140,-73.98355030,N/A
way,702073617,40.75307760,-73.98310500,N/A
way,702073618,40.75318270,-73.98379830,N/A
way,702073619,40.75319520,-73.98362800,N/A
way,702073620,40.75310640,-73.98341920,N/A
way,702073621,40.75321120,-73.98333820,N/A
way,702073622,40.75337580,-73.98344930,N/A
way,702073623,40.75304260,-73.98346690,N/A
way,702073624,40.75366430,-73.98414020,N/A
way,702073625,40.75352880,-73.98381340,N/A
way,702073626,40.75405320,-73.98343120,N/A
way,702073627,40.75390030,-73.98306700,N/A
way,702073628,40.75368720,-73.98441440,N/A
way,702073629,40.75418890,-73.98375790,N/A
way,702073630,40.75444350,-73.98355920,N/A
way,702073631,40.75417950,-73.98305820,N/A
way,702073632,40.75395070,-73.98434790,N/A
way,702073633,40.75397140,-73.98439720,N/A
way,702073634,40.75434430,-73.98415750,N/A
way,702073635,40.75358640,-73.98454160,N/A
way,702073636,40.75449190,-73.98381260,N/A
way,702073733,40.75316180,-73.98170610,N/A
way,702073734,40.75316560,-73.98171420,N/A
way,702073735,40.75314980,-73.98167960,N/A
way,702073736,40.75315800,-73.98169770,N/A
way,702073737,40.75289920,-73.98190780,N/A
way,702073738,40.75313730,-73.98164940,N/A
way,702073739,40.75289130,-73.98189140,N/A
way,702073740,40.75289510,-73.98189970,N/A
way,702073741,40.75287050,-73.98184320,N/A
way,702073742,40.75288270,-73.98187240,N/A
way,702073743,40.75393910,-73.98406910,N/A
way,702073744,40.75396510,-73.98415170,N/A
way,702073745,40.75403150,-73.98410670,N/A
way,702073746,40.75400290,-73.98402940,N/A
way,702073747,40.75310200,-73.98167800,N/A
way,702073748,40.75291020,-73.98181920,N/A
way,702073749,40.75381620,-73.98431740,LOR Porch at Bryant Park
way,702073750,40.75388800,-73.98442790,N/A
way,702073751,40.75382970,-73.98447040,N/A
way,702073753,40.75338420,-73.98375650,N/A
way,702073754,40.75408790,-73.98325640,N/A
way,702073761,40.75256170,-73.98193390,N/A
way,702073762,40.75337440,-73.98134200,N/A
way,702073763,40.75421230,-73.98402960,N/A
way,702073764,40.75431100,-73.98411630,N/A
way,702073766,40.75438530,-73.98362100,N/A
way,702073769,40.75373720,-73.98453660,N/A
way,702073775,40.75398450,-73.98409090,N/A
way,702073790,40.75398440,-73.98409090,N/A
way,702073813,40.75305660,-73.98149030,N/A
way,702073815,40.75282490,-73.98165980,N/A
way,702191445,40.75355460,-73.98461560,N/A
way,719086603,40.75663660,-73.99028460,"42nd Street - Times Square (A,C,E)"
way,719086612,40.76190230,-73.98631010,50th Street
way,719086617,40.76196990,-73.98647310,50th Street
way,719086618,40.76214510,-73.98607890,50th Street
way,796338420,40.75894880,-73.98538540,N/A
way,838658893,40.75341130,-73.98292180,N/A
way,903249946,40.75372790,-73.98191250,5th Avenue (7)
way,907586337,40.76006260,-73.98387170,49th Street
way,907586338,40.76013670,-73.98405550,49th Street
way,907921873,40.75865490,-73.98141810,47th-50th Streets-Rockefeller Center
way,907921874,40.75860660,-73.98129840,47th-50th Streets-Rockefeller Center
way,907922927,40.75427440,-73.98460560,42nd Street-Bryant Park
way,907922928,40.75422780,-73.98448480,42nd Street-Bryant Park
way,945305161,40.75505570,-73.98505980,N/A
way,945305163,40.75501690,-73.98505220,N/A
way,945305165,40.75501240,-73.98501710,N/A
way,945305168,40.75501380,-73.98494750,N/A
way,945305181,40.75494270,-73.98513270,N/A
way,945305182,40.75497020,-73.98508950,N/A
way,945305183,40.75493930,-73.98501600,N/A
way,945305184,40.75495500,-73.98505310,N/A
way,945305187,40.75488540,-73.98506570,N/A
way,945305189,40.75483690,-73.98511700,N/A
way,945305194,40.75467130,-73.98522110,N/A
way,945305196,40.75471210,-73.98524980,N/A
way,945305197,40.75464650,-73.98521700,N/A
way,945305198,40.75466790,-73.98526790,N/A
way,945305199,40.75468830,-73.98531690,N/A
way,945305205,40.75464080,-73.98534240,N/A
way,945305206,40.75457180,-73.98525130,N/A
way,945305210,40.75493690,-73.98520770,N/A
way,945305211,40.75497070,-73.98518370,N/A
way,945305212,40.75490240,-73.98523310,N/A
way,945305214,40.75486990,-73.98510650,N/A
way,945305215,40.75484970,-73.98519250,N/A
way,945305216,40.75479170,-73.98515200,N/A
way,945305218,40.75477810,-73.98526850,N/A
way,945305220,40.75474240,-73.98526900,N/A
way,1035187242,40.75708550,-73.99088380,N/A
way,1035187249,40.75678390,-73.99183440,N/A
way,1063355481,40.75442100,-73.98369250,N/A
way,1063355482,40.75436820,-73.98356630,N/A
way,1117866975,40.75676200,-73.98595760,N/A
way,1117866998,40.75721980,-73.98619080,N/A
way,1118420739,40.75875950,-73.98514610,N/A
way,1118420754,40.75951680,-73.98504210,N/A
way,1118420762,40.76000390,-73.98486070,N/A
way,1118420790,40.76067640,-73.98451070,N/A
way,1122798206,40.75314020,-73.98737620,N/A
way,1122798214,40.75342040,-73.98701960,N/A
way,1122798254,40.75405140,-73.98682420,N/A
way,1122798266,40.75425300,-73.98702360,N/A
way,1122816814,40.75396330,-73.98721040,N/A
way,1122816817,40.75391600,-73.98719640,N/A
way,1122816818,40.75385730,-73.98721370,N/A
way,1122816820,40.75383280,-73.98722130,N/A
way,1122816821,40.75388610,-73.98729580,N/A
way,1122816823,40.75397910,-73.98729250,N/A
way,1122816824,40.75380890,-73.98729920,N/A
way,1122816827,40.75392580,-73.98737730,N/A
way,1122816828,40.75386920,-73.98741770,N/A
way,1122816831,40.75384370,-73.98737690,N/A
way,1122816833,40.75415570,-73.98711630,N/A
way,1122816834,40.75416050,-73.98714500,N/A
way,1122816836,40.75421450,-73.98711380,N/A
way,1122816838,40.75426390,-73.98709490,N/A
way,1122816861,40.75522680,-73.98644980,N/A
way,1148593543,40.75708550,-73.99088930,N/A
way,1162102843,40.75786830,-73.98096260,World's Largest Jewelry Exchange
way,1162840391,40.75728060,-73.98060940,IGT Jewelry Shopping Mall
way,1184893951,40.75501570,-73.98813580,N/A
way,1214204189,40.75731700,-73.98109180,Exchange 58
way,1309062318,40.75593300,-73.98972040,Lobby Garden
way,1317270172,40.75972190,-73.98291960,McGraw-Hill Park
relation,364630,40.79578280,-73.95668460,NYCS - 1 Train: South Ferry → Van Cortlandt Park–242nd Street
relation,366767,40.72891320,-73.92299720,NYCS - M Train: Forest Hills–71st Avenue → Middle Village–Metropolitan Avenue
relation,366770,40.72573520,-73.94456880,NYCS - B Train (am/pm rush): Brighton Beach → Bedford Park Boulevard
relation,366771,40.72662590,-73.94145420,NYCS - D Train: Coney Island–Stillwell Avenue → Norwood–205th Street
relation,366772,40.67148250,-73.89255000,NYCS - F Train: Coney Island–Stillwell Avenue → Jamaica–179th Street
relation,366775,40.75694410,-73.94042930,NYCS - C Train: Euclid Avenue → 168th Street
relation,366776,40.73156150,-73.90521780,NYCS - E Train: World Trade Center → Jamaica Center–Parsons/Archer
relation,366783,40.76797820,-73.93020880,NYCS - 2 Train: Wakefield–241st Street → Flatbush Avenue–Brooklyn College
relation,366784,40.74264560,-73.94669270,NYCS - 3 Train: New Lots Avenue → Harlem–148th Street
relation,2254126,40.75946970,-73.98394940,NYCB - M50 East Midtown --> West Midtown
relation,2255524,40.75502250,-73.98497920,NYCB - M42 Circle Line Pier --> East Side
relation,2624129,40.74859590,-73.98249190,NYCB - M34A SBS Waterside Plaza --> Port Authority Bus Terminal via 34th Street
relation,2632931,40.78559140,-73.97106980,NYCB - M104 Harlem --> Port Authority Bus Terminal
relation,2632935,40.73772410,-73.99841630,NYCB - M20 Lincoln Center --> South Ferry
relation,2632937,40.80769780,-73.96123510,NYCB - M4 Fort Tyron Park --> Penn Station
relation,2632938,40.79751920,-73.96336200,NYCB - M5 Washington Heights --> Midtown
relation,2636365,40.77138400,-73.96797610,NYCB - M1 Harlem --> East Village
relation,2636371,40.78586140,-73.96566710,NYCB - M2 Washington Heights --> East Village
relation,2636372,40.79406550,-73.96103900,NYCB - M3 Fort George --> East Village
relation,2636375,40.77981940,-73.96771530,NYCB - M7 Harlem --> Chelsea
relation,2671581,40.75398090,-73.93774950,NYCB - Q32 Jackson Heights --> Penn Station
relation,3648834,40.70750270,-74.06471980,NJTB - 119 - New York to Bayonne
relation,6088567,40.87090900,-74.01371220,NJTB - 167 - New York to Harrington Park
relation,6146099,40.87090900,-74.01371220,NJTB - 167Q - New York to Harrington Park via Queen Anne Road
relation,6859237,40.72882950,-73.99719660,NYCB - M55 Midtown --> SI Ferry Terminal
relation,7127744,40.75620340,-73.98734740,West 42nd Street/7th Avenue
relation,7127745,40.75568820,-73.98599900,West 42nd Street/Broadway
relation,7127746,40.75665150,-73.98867600,"Times Square–42nd Street (7,<7>)"
relation,7127747,40.75573840,-73.98789110,"Times Square–42nd Street (1,2,3)"
relation,7127749,40.75526090,-73.98660080,Times Square (S)
relation,7127750,40.75537720,-73.98789110,"Times Square–42nd Street (N,Q,R,W)"
relation,7143212,40.76081950,-73.98353460,7th Avenue/West 50th Street
relation,7143213,40.76063540,-73.98402670,West 49th Street/7th Avenue
relation,7143214,40.76013340,-73.98418350,"49th Street (N,R,W downtown)"
relation,7143225,40.76115180,-73.98347050,West 50th Street/7th Avenue
relation,7143250,40.75972040,-73.98006670,West 50th Street/Avenue of the Americas
relation,7143276,40.75949520,-73.98134200,West 49th Street/Avenue of the Americas
relation,7575713,40.76797820,-73.93020880,NYCS - 2 Train (late nights): Wakefield–241st Street → Flatbush Avenue–Brooklyn College
relation,7582381,40.76191020,-73.98394770,50th Street (1 downtown)
relation,7943802,40.75897900,-73.98110350,"47th–50th Streets–Rockefeller Center (B,D,F,<F>,M)"
relation,7945415,40.75725010,-73.98914950,"42nd Street–Port Authority Bus Terminal (A,C,E)"
relation,8014195,40.76209660,-73.98637800,"50th Street (C,E downtown)"
relation,8015635,40.75416690,-73.98352660,"42nd Street–Bryant Park (B,D,F,<F>,M)"
relation,8239342,40.52002220,-74.15228680,NJTB - 131 - New York to Freehold Center via Sayreville
relation,8285578,40.74801010,-73.85601280,NYCB - QM3
relation,8285581,40.70792070,-73.85798710,NYCB - X63
relation,8285584,40.73255440,-73.92872560,NYCB - QM24
relation,8285586,40.75560230,-73.88468170,NYCB - QM20
relation,8285587,40.71462400,-73.89880470,NYCB - QM18
relation,8285588,40.67502100,-73.86962460,NYCB - QM17
relation,8285589,40.66520530,-73.90222510,NYCB - QM16
relation,8285590,40.71281950,-73.91003910,NYCB - QM15
relation,8285592,40.73499680,-73.91714000,NYCB - QM12
relation,8285595,40.74476070,-73.91902510,NYCB - QM10
relation,8285599,40.74362310,-73.89615990,NYCB - QM4
relation,8285601,40.75982380,-73.88213460,NYCB - QM2
relation,8285603,40.73925090,-73.84466310,NYCB - QM6
relation,8285605,40.73979240,-73.84982850,NYCB - QM5
relation,8285607,40.73925090,-73.88444480,NYCB - QM1
relation,8286039,40.82231910,-73.91974820,NYCB - BxM11 Wakefield --> Midtown
relation,8286040,40.80895830,-73.91572000,NYCB - BxM10
relation,8286041,40.78838080,-73.89913160,NYCB - BxM9
relation,8286042,40.80296610,-73.88627890,NYCB - BxM8
relation,8286044,40.78988110,-73.92415270,NYCB - BxM6
relation,8286046,40.83814810,-73.94026010,NYCB - BxM3
relation,8286047,40.83142460,-73.94684080,NYCB - BxM2
relation,8288675,40.66786280,-73.99771120,NYCB - X38
relation,8288677,40.68718480,-74.00630470,NYCB - X37
relation,8288679,40.70290460,-73.91329840,NYCB - BM5
relation,8288681,40.67303860,-73.97390420,NYCB - BM3
relation,8288682,40.69634060,-73.95192270,NYCB - BM2
relation,8288683,40.68371610,-73.96155240,NYCB - BM1
relation,8297987,40.66416700,-74.04627450,NYCB - X9
relation,8297989,40.65056540,-74.07130180,NYCB - SIM10
relation,8298158,40.68603780,-74.06898410,NYCB - X42
relation,8298160,40.68603780,-74.06940620,NYCB - X12
relation,8298162,40.68234490,-74.06441490,NYCB - X10
relation,8298231,40.68431730,-74.06363630,NYCB - SIM3
relation,8298335,40.66227510,-74.08937720,NYCB - SIM8
relation,8298337,40.65525150,-74.08502940,NYCB - SIM4C
relation,8298441,40.64190420,-74.10936130,NYCB - X22A
relation,8298442,40.64190420,-74.10936130,NYCB - X22
relation,8298443,40.65545720,-74.09053490,NYCB - SIM22 Eltingville --> Midtown
relation,8311456,40.67049710,-74.08925020,NYCB - X31
relation,8311457,40.69555070,-74.09237050,NYCB - X30
relation,8311458,40.65515340,-74.09189900,NYCB - X24
relation,8311459,40.65374750,-74.09189900,NYCB - SIM23
relation,9283614,40.88863420,-73.88536330,Bee-Line 28 BxM4C
relation,9651535,40.79577740,-73.95671370,NYCS - 1 Train: Van Cortlandt Park–242nd Street → South Ferry
relation,9655662,40.76796240,-73.93014120,NYCS - 2 Train (late nights): Flatbush Avenue–Brooklyn College → Wakefield–241st Street
relation,9655663,40.76796240,-73.93014120,NYCS - 2 Train: Flatbush Avenue–Brooklyn College → Wakefield–241st Street
relation,9663806,40.74260600,-73.94672310,NYCS - 3 Train: Harlem–148th Street → New Lots Avenue
relation,9699093,40.75402160,-73.98213690,NYCS - S 42nd Street Shuttle: Times Square → Grand Central
relation,9699094,40.75402160,-73.98213690,NYCS - S 42nd Street Shuttle: Grand Central → Times Square
relation,9699137,40.75094090,-73.91577280,NYCS - 7 Train: 34th Street–Hudson Yards → Flushing–Main Street
relation,9699138,40.75097360,-73.91577280,NYCS - 7 Train: Flushing–Main Street → 34th Street–Hudson Yards
relation,9699150,40.73913790,-73.96269290,NYCS - W Train: Astoria–Ditmars Boulevard → Whitehall Street–South Ferry
relation,9699161,40.67615420,-73.96602180,NYCS - N Train: Coney Island–Stillwell Avenue → Astoria–Ditmars Boulevard
relation,9709546,40.72925910,-73.88226190,NYCS - A Train: 207th Street–Inwood → Far Rockaway–Mott Avenue
relation,9712256,40.73912050,-73.96264100,NYCS - W Train: Whitehall Street–South Ferry → Astoria–Ditmars Boulevard
relation,9712342,40.72893980,-73.92294310,NYCS - M Train: Middle Village–Metropolitan Avenue → Forest Hills–71st Avenue
relation,9712343,40.69146910,-73.93730730,NYCS - R Train: Forest Hills–71st Avenue → Bay Ridge–95th Street
relation,9712344,40.69140650,-73.93733480,NYCS - R Train: Bay Ridge–95th Street → Forest Hills–71st Avenue
relation,9712345,40.67999420,-73.97439310,NYCS - Q Train: 96th Street → Coney Island–Stillwell Avenue
relation,9712346,40.67996720,-73.97436250,NYCS - Q Train: Coney Island–Stillwell Avenue → 96th Street
relation,9712347,40.67617700,-73.96610380,NYCS - N Train: Astoria–Ditmars Boulevard → Coney Island–Stillwell Avenue
relation,9712348,40.67615420,-73.96602180,NYCS - N Train (late nights): Coney Island–Stillwell Avenue → Astoria–Ditmars Boulevard
relation,9720366,40.75090740,-73.91576410,NYCS - <7> Train (pm rush): 34th Street–Hudson Yards → Flushing–Main Street
relation,9720367,40.75094010,-73.91576410,NYCS - <7> Train (am rush): Flushing–Main Street → 34th Street–Hudson Yards
relation,9726938,40.75401350,-73.98327820,"5th Avenue (7,<7>)"
relation,9727208,40.77026230,-73.91730150,NYCS - A Train: Ozone Park–Lefferts Boulevard → 207th Street–Inwood
relation,9727209,40.72926770,-73.88225220,NYCS - A Train: Far Rockaway–Mott Avenue → 207th Street–Inwood
relation,9727210,40.72444210,-73.90966600,NYCS - A Train (am rush): Rockaway Park–Beach 116th Street → 207th Street–Inwood
relation,9727211,40.72446030,-73.90973580,NYCS - A Train (pm rush): 207th Street–Inwood → Rockaway Park–Beach 116th Street
relation,9727212,40.77025700,-73.91733070,NYCS - A Train: 207th Street–Inwood → Ozone Park–Lefferts Boulevard
relation,9748434,40.72578960,-73.94463250,NYCS - B Train (am/pm rush): Bedford Park Boulevard → Brighton Beach
relation,9753683,40.67151260,-73.89266400,NYCS - F Train: Jamaica–179th Street → Coney Island–Stillwell Avenue
relation,9767765,40.75690060,-73.94046560,NYCS - C Train: 168th Street → Euclid Avenue
relation,9769160,40.72666590,-73.94150130,NYCS - D Train: Norwood–205th Street → Coney Island–Stillwell Avenue
relation,9769301,40.73162470,-73.90524400,NYCS - E Train: Jamaica Center–Parsons/Archer → World Trade Center
relation,9830089,40.70166340,-73.97297200,NYCS - B Train: 145th Street → Brighton Beach
relation,9830090,40.70159910,-73.97288020,NYCS - B Train: Brighton Beach → 145th Street
relation,9830384,40.78932010,-73.96134930,NYCS - 3 Train (late nights): Harlem–148th Street →Times Square–42nd Street
relation,9830385,40.78929820,-73.96123680,NYCS - 3 Train (late nights): Times Square–42nd Street → Harlem–148th Street
relation,11168211,40.76201850,-73.98613340,"50th Street (C,E uptown)"
relation,11168212,40.76183680,-73.98366060,50th Street (1 uptown)
relation,11168213,40.75990440,-73.98387170,"49th Street (N,R,W uptown)"
relation,11245930,40.75401710,-73.98214820,NYCS - S 42nd Street Shuttle: Times Square → Grand Central
relation,11245932,40.75401710,-73.98214820,NYCS - S 42nd Street Shuttle: Grand Central → Times Square
relation,11248272,40.67151260,-73.89266400,NYCS - <F> Train (pm rush): Jamaica–179th Street → Coney Island–Stillwell Avenue
relation,11248273,40.67148250,-73.89255000,NYCS - <F> Train (am rush): Coney Island–Stillwell Avenue → Jamaica–179th Street
relation,11255871,40.72925910,-73.88226190,NYCS - A Train (late nights): 207th Street–Inwood → Far Rockaway–Mott Avenue
relation,11255872,40.72926770,-73.88225220,NYCS - A Train (late nights): Far Rockaway–Mott Avenue → 207th Street–Inwood
relation,11256040,40.72662590,-73.94145420,NYCS - D Train (late nights): Coney Island–Stillwell Avenue → Norwood–205th Street
relation,11256041,40.72666590,-73.94150130,NYCS - D Train (late nights): Norwood–205th Street → Coney Island–Stillwell Avenue
relation,11256042,40.72662590,-73.94145420,NYCS - D Train (pm rush): Coney Island–Stillwell Avenue → Norwood–205th Street
relation,11256043,40.72666590,-73.94150130,NYCS - D Train (am rush): Norwood–205th Street → Coney Island–Stillwell Avenue
relation,11256044,40.73156150,-73.90521780,NYCS - E Train (late nights): World Trade Center → Jamaica Center–Parsons/Archer
relation,11256045,40.73162470,-73.90524400,NYCS - E Train (late nights): Jamaica Center–Parsons/Archer → World Trade Center
relation,11256046,40.73162470,-73.90524400,"NYCS - E Train (evenings, weekends): Jamaica Center–Parsons/Archer → World Trade Center"
relation,11256047,40.73156150,-73.90521780,"NYCS - E Train (evenings, weekends): World Trade Center → Jamaica Center–Parsons/Archer"
relation,11256100,40.67617700,-73.96610380,NYCS - N Train (weekends): Astoria–Ditmars Boulevard → Coney Island–Stillwell Avenue
relation,11256101,40.67615420,-73.96602180,NYCS - N Train (weekends): Coney Island–Stillwell Avenue → Astoria–Ditmars Boulevard
relation,11256102,40.67617700,-73.96610380,NYCS - N Train (late nights): Astoria–Ditmars Boulevard → Coney Island–Stillwell Avenue
relation,11256103,40.67996720,-73.97436250,NYCS - Q Train (late nights): Coney Island–Stillwell Avenue → 96th Street
relation,11256104,40.67999420,-73.97439310,NYCS - Q Train (late nights): 96th Street → Coney Island–Stillwell Avenue
relation,11618863,40.74599400,-74.01844770,NJTB - 126 - New York to Hamilton Park via Hoboken
relation,11618865,40.75143870,-74.01108990,NJTB - 126 - New York to Hoboken-PATH
relation,11618867,40.75143870,-74.01290020,NJTB - 126 - New York to Hoboken via Willow Avenue
relation,11618868,40.74599400,-74.01844770,NJTB - 126 - New York to Hamilton Park via Willow Avenue
relation,11621148,40.75231620,-74.02756300,NJTB - 125 - New York to Journal Square
relation,12099770,40.39593080,-74.17025540,"Manchester, Lakehurst, and Jackson to Port Authority"
relation,12286319,40.78212820,-73.97928050,NYCB - M11 Hamilton Heights --> Chelsea
relation,12286389,40.75513760,-73.98500330,NYCB - M42 East Side --> Circle Line Pier
relation,12286530,40.72882950,-73.99905670,NYCB - M55 SI Ferry Terminal --> Midtown
relation,12287161,40.73771980,-73.99837140,NYCB - M20 South Ferry --> Lincoln Center
relation,12290090,40.80605640,-73.96123510,NYCB - M4 Penn Station --> Fort Tyron Park
relation,12330165,40.79745940,-73.96325370,NYCB - M5 Midtown --> Washington Heights
relation,12330220,40.78016400,-73.96748880,NYCB - M7 Chelsea --> Harlem
relation,12330530,40.75974040,-73.98429660,NYCB - M50 West Midtown --> East Midtown
relation,12381991,40.78609060,-73.97167640,NYCB - M104 Port Authority Bus Terminal --> Harlem
relation,13370117,40.61741590,-74.15228680,NJTB - 131 - New York to Sayreville
relation,14256754,40.75688050,-73.99170800,Port Authority Drop Off
relation,14305605,40.67547960,-73.96819850,NYCB - BM4
relation,14305608,40.67547960,-73.96809210,NYCB - BM4
relation,14353019,40.75688050,-73.99170800,Port Authority Pick Up
relation,14355847,40.87090900,-74.01371220,NJTB - 167 - New York to Harrington Park
relation,14472920,40.68718480,-74.00698070,NYCB - X27
relation,14479411,40.66786280,-73.99838720,NYCB - X28
relation,14479629,40.72629940,-73.85850180,NYCB - X64
relation,14479887,40.73358430,-73.84535760,NYCB - X68
relation,14480145,40.80742940,-73.95871580,NYCB - BxM18
relation,14489615,40.75979510,-73.85582560,NYCB - QM3
relation,14507861,40.67303860,-73.97379780,NYCB - BM3
relation,14523257,40.82337230,-73.92734330,NYCB - BxM4
relation,14534641,40.69634060,-73.95202900,NYCB - BM2
relation,14539866,40.68371610,-73.96165870,NYCB - BM1
relation,14540136,40.81046620,-73.90586780,NYCB - BxM7
relation,14540137,40.81046620,-73.90500220,NYCB - BxM7
relation,15338856,41.98648010,-72.39042030,"Dover, NH => New York City"
relation,15338857,41.98759610,-72.39017550,"New York City => Dover, NH"
relation,16086921,40.75455170,-73.98018150,5th Avenue & West 44th Street
relation,16086985,40.75316680,-73.98118960,5th Avenue & West 42nd Street
relation,17219798,40.65056540,-74.07252840,NYCB - SIM1C
relation,17417390,40.65570790,-74.09031170,NYCB - SIM22 Midtown --> Eltingville
relation,18351439,40.75923980,-73.98009390,Rockefeller Center
