,name,category,latitude,longitude,distance_from_center_km
0,Hans-Albers-Denkmal,historic,53.5486646,9.960864,0.25075987128046695
1,,amenity,53.5496485,9.9602266,0.18388160565158732
2,Der Kiezbäcker,shop,53.5490935,9.9597973,0.16683723628720204
3,PENNY,shop,53.549743,9.9605693,0.2069203600983343
4,Burger King,amenity,53.5491525,9.9623069,0.32627835244760217
5,KFC,amenity,53.5497556,9.9611087,0.24269557031524994
6,PENNY,shop,53.5500853,9.9547858,0.183610562664683
7,Schmidts TIVOLI,amenity,53.5491266,9.9633422,0.3945210097595342
8,,amenity,53.5484965,9.9550977,0.20127400178387694
9,Edeka,shop,53.5529553,9.9597393,0.39906564698392527
10,Condomerie Hamburg,shop,53.5492799,9.9646584,0.4792903203531781
11,,amenity,53.5512799,9.9553943,0.22800203632038088
12,StrandPauli,amenity,53.5460081,9.9620571,0.5063666843346284
13,Apotheke am Paulinenplatz,amenity,53.5539901,9.9623097,0.5815632235541418
14,Eier Carl,amenity,53.5453223,9.952241,0.5916749704776448
15,Schmidt Theater,amenity,53.5491358,9.9638746,0.42933532460414126
16,El Tequito,amenity,53.546044,9.9537841,0.4681429138599085
17,Christiansen's,amenity,53.5463649,9.9541482,0.425092662278912
18,GWA St.Pauli,amenity,53.5476966,9.956953,0.2186360322382348
19,St. Pauli Theater,amenity,53.5491011,9.9629881,0.3717580307604025
20,Pulverfass Travestie Cabaret,amenity,53.5493537,9.9585925,0.08194208867700989
21,Burger Lounge,amenity,53.5530951,9.9541919,0.4412582571984601
22,Senkoi Am Hafen,amenity,53.5452292,9.9513983,0.6339187806129787
23,,amenity,53.5481438,9.9618422,0.3351604193217109
24,Park Cafe,amenity,53.55326,9.9521531,0.5346306185183342
25,Musik Markt Hamburg,shop,53.5493878,9.9549183,0.17026442741417783
26,Kiez Curry,amenity,53.5488415,9.9601956,0.2023035045847127
27,Fischmarkt / Breite Straße,amenity,53.5462439,9.9509483,0.5732306976561806
28,S Reeperbahn / Königstraße,amenity,53.5494956,9.9550425,0.16052083044229204
29,BeerPONG BAR,amenity,53.5497482,9.960888,0.228044160114669
30,Budnikowsky,shop,53.5523436,9.9625199,0.45106339185570155
31,Zum Silbersack,amenity,53.5488785,9.9599637,0.18670787903508565
32,,amenity,53.5495801,9.9612015,0.24858091457282422
33,,amenity,53.5494907,9.9560705,0.09305801230807353
34,,amenity,53.547724,9.9573012,0.21330173030822536
35,,amenity,53.5494555,9.9648436,0.4903237557840788
36,Onkel Otto,amenity,53.5466845,9.9600022,0.3696579166059801
37,,amenity,53.5462383,9.9576503,0.37864671728451965
38,ahoi,amenity,53.5465514,9.9600445,0.3841383890202319
39,Park Fiction,tourism,53.5461929,9.9570813,0.38426041053258053
40,A&O Hamburg Reeperbahn,tourism,53.5499433,9.958656,0.08669355796231738
41,Hotel St. Joseph,tourism,53.5507922,9.9580555,0.13449188855712607
42,Reeperbande,amenity,53.5494865,9.9565241,0.06380955393562322
43,,amenity,53.5495036,9.9570304,0.031740378444406823
44,Kita Lelka Birnbaum,amenity,53.5465781,9.9618197,0.44699957312804656
45,Kiez Klause,amenity,53.5482002,9.9610226,0.285693778209299
46,Chikago Bar,amenity,53.5482818,9.9610223,0.28068934332251694
47,Der blaue Engel von St. Pauli,amenity,53.5481137,9.9612509,0.30362247067491266
48,,amenity,53.5496741,9.958885,0.09503795772055036
49,Auto-Parkhotel,tourism,53.549071,9.9577126,0.06546240485003178
50,"Bibliothek, Bernhard-Nocht-Institut für Tropenmedizin",amenity,53.5468419,9.9649891,0.5885842748640632
51,Konditorei Holger Rönnfeld,shop,53.5525886,9.9630034,0.4931268220197385
52,Hermann Hatt,historic,53.5507622,9.9612702,0.2822696972338367
53,Heinrich Habitz 'Liddy Bacroff',historic,53.5510238,9.9642051,0.4733870152290867
54,Olga Glaser geb. Fränkel,historic,53.5496272,9.9609746,0.23346012690852322
55,Kurt Hirsch,historic,53.5510541,9.960167,0.23916293812209463
56,Georg Hansen,historic,53.5525766,9.9602123,0.37469703459690623
57,Jacob Lübeck,historic,53.5510667,9.9601696,0.24021827987694053
58,Siegfried Liebreich,historic,53.5510314,9.9624139,0.36356398712133275
59,Erich Küter,historic,53.5528751,9.9583432,0.3650400645271735
60,Dr. Friedrich Glaser,historic,53.5496474,9.9609728,0.23333958674891633
61,Alfred Beckmann,historic,53.5469485,9.9544914,0.3579757421763818
62,Alfred Kästel,historic,53.548607,9.9563101,0.1375125314194422
63,Jacob Rhein,historic,53.5493631,9.9593844,0.131670898283379
64,Paul Meilicke,historic,53.546662,9.953491,0.4227077262275182
65,Willi Hans Miersch,historic,53.5515335,9.9510045,0.4765806279327407
66,Buttercrumbs Bakery,amenity,53.5470548,9.9625955,0.44597909662440943
67,,amenity,53.5492633,9.9608038,0.22602572600325488
68,Salt & Silver Levante,amenity,53.5465424,9.9584386,0.35071994896536746
69,Blauer Peter,amenity,53.5512483,9.9610691,0.2992788999396042
70,Molly Malone,amenity,53.5489567,9.9611336,0.2555213610276025
71,Frieda B.,amenity,53.5483459,9.9609387,0.2721973334899284
72,Roschinsky's,amenity,53.5511629,9.9610193,0.2909994378484831
73,Pizzeria Alt Hamburg,amenity,53.5487815,9.9605831,0.22837622315919198
74,20 Flight Rock,amenity,53.5484273,9.960365,0.2354541516231417
75,Chez Lorsin,amenity,53.5481798,9.9602403,0.24596848156050283
76,Lunacy,amenity,53.5508076,9.9614461,0.29496093638917553
77,The Academy,amenity,53.5488803,9.9611344,0.2582241726718171
78,London Pub,amenity,53.5487121,9.9611679,0.2669796162590257
79,Komet,amenity,53.5475588,9.9620406,0.3821771320177314
80,Bar Wohlzimmer,amenity,53.55276,9.961079,0.4224686328850988
81,Zur Ritze,amenity,53.5500785,9.9593819,0.13694864633128587
82,,amenity,53.5526544,9.9604058,0.3885773761535305
83,Park Fiction,tourism,53.5460084,9.957047,0.40489917130168895
84,Seefeldt Guitars,shop,53.5509194,9.9603507,0.2392262592047883
85,,amenity,53.551916,9.9562871,0.2649945689765712
86,Kugel Dealer,amenity,53.5454242,9.9640644,0.6419271356575237
87,,leisure,53.5540513,9.9525615,0.5884715118909676
88,,amenity,53.549769,9.9539393,0.23330647453900907
89,Sonnendeck St.Pauli,amenity,53.5460406,9.9642117,0.6008946202032626
90,WunderBar,amenity,53.5503741,9.9603235,0.20716726637109226
91,Docks,amenity,53.5492622,9.9645517,0.4724135849043253
92,,amenity,53.5471426,9.9640578,0.5185098480027248
93,Köz Antep Gülbaba,amenity,53.5493596,9.9590383,0.10960039330323593
94,,leisure,53.5534644,9.9552623,0.4498820659490792
95,,amenity,53.5513495,9.9538506,0.30538220329182303
96,Lincoln-Apotheke,amenity,53.549952,9.9550799,0.1610791286619935
97,,amenity,53.5497971,9.9536204,0.25460371154517747
98,St. Cosmas-Apotheke,amenity,53.5511246,9.9551979,0.2229107178064427
99,Egon Hotel Hamburg City,tourism,53.5499287,9.954097,0.2247348849396579
100,,amenity,53.5492005,9.9529463,0.3026229554035588
101,Aral,amenity,53.5493747,9.9528039,0.30950525234169557
102,,leisure,53.5469923,9.9503479,0.555418044300321
103,,amenity,53.5493227,9.9621434,0.312906754657642
104,,leisure,53.5457847,9.9512667,0.5933561647382837
105,,leisure,53.5456318,9.9502407,0.6537226013885965
106,,leisure,53.5456979,9.9503641,0.6427230159363005
107,,amenity,53.5466403,9.9508756,0.5489818694727026
108,,amenity,53.5474346,9.9637358,0.48334152806690645
109,Budnikowsky,shop,53.5512619,9.9603663,0.2644799453488421
110,,amenity,53.5492092,9.9617701,0.29014440831418786
111,Café Geyer,amenity,53.5473543,9.9571385,0.25506253168942955
112,Golden Pudel Club,amenity,53.5461935,9.9577662,0.383969304639753
113,The Blessed,tourism,53.5469523,9.9608447,0.3740756624781783
114,Kombüse,amenity,53.5469434,9.9605214,0.3624197205208425
115,La Paloma,amenity,53.5483829,9.9612176,0.28602254021337337
116,,leisure,53.5466626,9.9553376,0.3596395533871842
117,Cafe May,amenity,53.5505106,9.9623457,0.33854749934493467
118,Elbperle,amenity,53.5452778,9.951962,0.6066142440639436
119,Tafel,amenity,53.5476078,9.9567374,0.23091450196196633
120,,leisure,53.5534002,9.9524449,0.5342660982270322
121,,amenity,53.5537261,9.9633204,0.5985287745330068
122,Café Stark,amenity,53.5533837,9.9616576,0.5014348097864064
123,Zur scharfen Ecke,amenity,53.5470687,9.9627778,0.45430675806629667
124,Club de Sade,amenity,53.5474657,9.9604024,0.3109793664895312
125,Restaurant Fischerhaus,amenity,53.5458919,9.9557134,0.4326117948865635
126,,leisure,53.5540032,9.9557251,0.49909488020122755
127,Praxisausbildungsstätte Kita,amenity,53.5540256,9.9547147,0.5209048465384205
128,Schauermanns Park,tourism,53.5462946,9.9582285,0.37569212488739695
129,Gedenkstein Jüdisches Wohlfahrtshaus,historic,53.5479452,9.9502113,0.5156303628575343
130,Adolf Fünfstück,historic,53.5532537,9.9631246,0.5506701136692315
131,Betty Worms geb. Gumpel,historic,53.5531212,9.9629164,0.5304742955450186
132,Eduard Richard Weinberg,historic,53.5507209,9.9601165,0.21376388180241412
133,Heinrich Bauer,historic,53.5518593,9.9642402,0.5133242854786053
134,Lea Norden,historic,53.5514496,9.9612387,0.3218909106999265
135,Meta Rosenthal geb. Fries,historic,53.5494978,9.9585972,0.07747595576006713
136,Siegmund Biedermann,historic,53.5528622,9.9610541,0.430954615420065
137,Walter Sammet,historic,53.5536312,9.963761,0.6101686588531804
138,Wilhelm Oefele,historic,53.5536584,9.9600125,0.47850700407562213
139,Woo Lie Kien,historic,53.5512117,9.9594483,0.21945700645405186
140,,amenity,53.5493068,9.9613002,0.2576954690095462
141,,amenity,53.5496159,9.9607319,0.21738472506263817
142,Mardin Döner,amenity,53.5497452,9.9606761,0.2140018307523073
143,,shop,53.5498605,9.9603011,0.1904268496800393
144,Pauli Pizza,amenity,53.5506015,9.9603333,0.21897689914346477
145,,amenity,53.549199,9.9633841,0.3961938965661701
146,Prinzenbar,amenity,53.5488176,9.9647442,0.4918738030581611
147,Old Sailor,amenity,53.5498254,9.9625274,0.33702121236687715
148,Hip Cats,shop,53.5527217,9.9630463,0.5051944244636921
149,Feuerdrachen,amenity,53.5521154,9.9645852,0.5472672991151973
150,Pelican,amenity,53.5534209,9.9580457,0.42281205350776196
151,Copper House,amenity,53.5477965,9.9629175,0.41622568805678234
152,,amenity,53.5499771,9.9572546,0.03991094622685853
153,,amenity,53.5499921,9.9568768,0.05481958203657699
154,Mahnmal Madonna der Seefahrt,historic,53.5454077,9.9545265,0.5092397464725752
155,Ali Barber,shop,53.5472505,9.9626822,0.43680258497615143
156,Ginst,amenity,53.5532908,9.9578087,0.40718515816722256
157,Shebeen,amenity,53.5538423,9.9634297,0.6130727742872047
158,Crazy Horst,amenity,53.5529816,9.963135,0.5294371578954605
159,Mahadosa,amenity,53.5528205,9.9630827,0.5144741398253365
160,Lieblings Café Bar,amenity,53.5503539,9.9646134,0.4812718162937274
161,Bambi auf St. Pauli,amenity,53.5509128,9.9610337,0.2765181504322364
162,Backrecords,shop,53.5535098,9.9617744,0.5174060685492641
163,Hugo Hellwig,historic,53.549023,9.957897,0.07456248040025165
164,,amenity,53.545173,9.9537566,0.5540812324818797
165,,amenity,53.5452362,9.9541139,0.5376067105224539
166,,shop,53.5473543,9.9575149,0.25424624629967746
167,Pizzamatrosen,amenity,53.5456604,9.9518581,0.5775129725338082
168,Denny Kargauer,historic,53.5465496,9.9530424,0.4512495318177892
169,Egon Samuel Kargauer,historic,53.546555,9.9530354,0.4510928375767336
170,Regina Kargauer,historic,53.5465582,9.9529972,0.4524704236773151
171,Judis Kargauer,historic,53.5465493,9.9530015,0.45303572890782173
172,Brücke 10,amenity,53.5454327,9.9638381,0.6310787756519346
173,Julius Levy,historic,53.547217,9.950799,0.5168332555619276
174,Betty Levi geb. Koppel,historic,53.547199,9.950791,0.5183323941230846
175,Rock Café,amenity,53.5484284,9.959474,0.18997578570316764
176,Suicycle Store,shop,53.5531588,9.9614239,0.47201906875610794
177,HSV Kaffeepause,amenity,53.5499571,9.9621547,0.31368627653892767
178,The Special Connection,amenity,53.5457119,9.9517933,0.5759188434878558
179,Semtex Kulturkollektiv,amenity,53.5481634,9.9632423,0.4174071815856141
180,Alt Helgoländer Fischerstube,amenity,53.5458954,9.952972,0.5116043488049081
181,Rad Race Shop Hamburg,shop,53.5455716,9.9519163,0.5826871371178696
182,,amenity,53.5513537,9.9577412,0.19186431220988442
183,The Baby Goat Barn,amenity,53.5501567,9.9649692,0.5015502032160185
184,Hotel St. Annen,tourism,53.553968,9.9638462,0.6416999986248875
185,Möwe Sturzflug,amenity,53.5523376,9.9648819,0.5768254151976495
186,Tazzi Pizza,amenity,53.5519945,9.9645477,0.5384424539296168
187,Dat Backhus,shop,53.5522959,9.9630823,0.476149927178566
188,Adolf Theodor Meyer,historic,53.5525261,9.9616929,0.4269490481648948
189,Elvira Rose geb. Hirsch,historic,53.5524654,9.9631279,0.49040601249351706
190,Frieda Hirsch geb. Heymann,historic,53.5524772,9.9631411,0.49191985016553347
191,Walter Joachim Hirsch,historic,53.5524685,9.9631394,0.4912120697774451
192,Wolf Harry Hirsch,historic,53.5524734,9.9631288,0.4910234115475268
193,,amenity,53.5492374,9.9623758,0.32936968474921485
194,Hamburger Schulmuseum,tourism,53.5506352,9.9633657,0.40733659877748074
195,Friseur Salon Harry,shop,53.5490033,9.9623044,0.3292765887809582
196,Ritze Curry,amenity,53.5497145,9.9594908,0.13537334176978832
197,Cuneo,amenity,53.5479178,9.9625365,0.3875983053444394
198,Zum Anker,amenity,53.5480276,9.9625177,0.3806085478906365
199,Man Wah,amenity,53.549239,9.9648019,0.4891622548614173
200,Thai Town,amenity,53.5489619,9.9649012,0.4994297174168743
201,Shikara,amenity,53.5488236,9.9649205,0.5032399257124903
202,Eduard Duckesz,historic,53.5494277,9.950556,0.45770612691986173
203,John Kugelmann,historic,53.5490917,9.9552776,0.1564654360867432
204,Drafthouse,amenity,53.548885,9.9614739,0.27943108567197916
205,Trattoria Remo’s,amenity,53.5538898,9.963075,0.6022946731002629
206,Pizzeria Palermo,amenity,53.5505276,9.9619991,0.3171928771904824
207,Hafenrundfahrten,tourism,53.5454199,9.9640059,0.6396371585063473
208,St. Pauli,tourism,53.5460882,9.9608881,0.456054919462423
209,Rutsche,amenity,53.5485851,9.9614565,0.2901384562401293
210,Kiez Alm Hamburg,amenity,53.551108,9.957165,0.16466701074656037
211,Mahajivan,amenity,53.5500939,9.9624213,0.33322338836796944
212,Barbarabar,amenity,53.5506556,9.9610528,0.2641294836880893
213,headCRASH,amenity,53.5507821,9.9611066,0.2736144271550891
214,Noho,amenity,53.5500405,9.9565843,0.07289360350493133
215,KorallBar,amenity,53.5511305,9.9620902,0.3493844673749519
216,Dollhouse,amenity,53.5504631,9.9573917,0.09187443725667344
217,Trattoria 500,amenity,53.5529526,9.9586228,0.3769279829233946
218,DAVID'S,amenity,53.5471488,9.9631083,0.4661759355085795
219,waterkant,amenity,53.5472005,9.9631652,0.46583934915382064
220,20up,amenity,53.5472091,9.9633526,0.4754463483029232
221,,amenity,53.5451464,9.9553841,0.5184011716761098
222,Speiche,shop,53.553538,9.9598191,0.46148906253787975
223,Hotel Hongkong,amenity,53.5508544,9.9610381,0.273494704100489
224,St. Pauli Eck,amenity,53.5510948,9.9625031,0.3719405213199682
225,Schmidtchen,amenity,53.5490976,9.9642742,0.45615057928806557
226,Affenfaust Galerie,tourism,53.5532756,9.9561977,0.41326159447154087
227,Tattoostudio Dänemark,shop,53.5486821,9.963031,0.38477537635558917
228,Holy Kitchen,amenity,53.548472,9.9629465,0.3866089271981463
229,Hotel Hamburger Perle,tourism,53.5485183,9.9640167,0.45260445502139296
230,Gassenhauer,amenity,53.5487603,9.9634226,0.4076074276595873
231,Sigvald Hansen Spirituosen,shop,53.5487489,9.9638793,0.43734132362870404
232,Mother's Fine Coffee,amenity,53.548461,9.9628258,0.37950368874879237
233,Cityhotel Monopol,tourism,53.5499174,9.9643167,0.4560331389802352
234,Gudrun Apotheke,amenity,53.5498359,9.9634091,0.39542962145259114
235,McDonald's,amenity,53.5498252,9.9635922,0.40748508952085133
236,Pearls,amenity,53.5498741,9.9637739,0.4198178447133507
237,Western Union,amenity,53.5498299,9.9636713,0.4127478624094921
238,FC St. Pauli Fanshop 2,shop,53.549828,9.9632831,0.3870424641895725
239,Freudenhaus,amenity,53.5502465,9.9620664,0.31322010458183835
240,Thai-Oase,amenity,53.5513461,9.9579296,0.1926749930353291
241,,amenity,53.545406,9.9648037,0.6777396140188402
242,,amenity,53.5454099,9.9647519,0.674972453390307
243,Hafenwirtschaft Hamburg,amenity,53.5454275,9.9643528,0.6548649414199885
244,Plop'n' Snack,amenity,53.5454035,9.9649681,0.685807516775722
245,Brücke 10,amenity,53.5454275,9.963655,0.623438458322461
246,,amenity,53.5454313,9.9637774,0.6285033213447758
247,,amenity,53.5454324,9.9637185,0.6258141638723913
248,,amenity,53.5515296,9.9554478,0.24891098061647515
249,,amenity,53.5514034,9.9554355,0.23761006340869004
250,Joannas Kleines Nagelatelier,shop,53.5519328,9.9564011,0.264695063644816
251,TEXTUR,shop,53.5518623,9.9563581,0.25792062779377617
252,Änderungsshop bei Kosta,shop,53.5520362,9.956508,0.2741096069437321
253,KEBAPgarten am Bunker,leisure,53.5518336,9.9518976,0.44186125631280193
254,Pizza Bande,amenity,53.54893,9.9575482,0.07909778785639479
255,Don Alfonso,amenity,53.5504841,9.9540766,0.24274207551203725
256,Metanoite,amenity,53.5504623,9.9542524,0.23107204721972083
257,Alimaus Nobis Bene,amenity,53.5504973,9.9539703,0.24980992492531096
258,Luicella’s Ice Cream,amenity,53.5506495,9.9647305,0.4953494380922383
259,Köz Antep,amenity,53.5521641,9.9640589,0.5203397840094622
260,Öz Antep,amenity,53.5522843,9.9631997,0.4814814271000331
261,,amenity,53.5523098,9.9628117,0.46322022136027535
262,Piceno,amenity,53.5499415,9.9624705,0.334312434314561
263,Asia Imbiss Kim,amenity,53.5537836,9.9633925,0.6064983484958769
264,Taverna Hellas,amenity,53.5484071,9.9628149,0.38094261360110787
265,Com Nieu 21,amenity,53.5488442,9.9623088,0.33380823383934277
266,Tippel II,amenity,53.5505851,9.9647007,0.49184134940440605
267,Copa Cabana,amenity,53.5525745,9.9626285,0.47379261838062187
268,Tawan Daeng Imbiss und Karaoke Bar,amenity,53.5481164,9.9631813,0.4157964908520023
269,Chingu,amenity,53.5499141,9.9621512,0.3129505151315708
270,Döner Company,amenity,53.5491694,9.9619057,0.2997529215213371
271,Lukullus,amenity,53.5493103,9.9622216,0.3182132011491723
272,Story,amenity,53.5498031,9.9629391,0.3641277890033319
273,Bet3000,shop,53.5497452,9.9608072,0.22267843569211804
274,Villa von St. Pauli,amenity,53.5485884,9.9616166,0.2997327491226342
275,Hans-Albers-Eck,amenity,53.5485731,9.9611604,0.27287874953100855
276,Murphy´s Irish Pup,amenity,53.5485642,9.9613295,0.28343214453840987
277,Chinesenviertel,tourism,53.551393,9.9600492,0.2603050069793358
278,Rich of Art,shop,53.5523576,9.9604414,0.3617137442571851
279,Kiosk Cafe Frontal,shop,53.5516901,9.9599554,0.2822495780114799
280,Utspann,amenity,53.5506274,9.9600101,0.20212638222218898
281,Deniz Imbiß,amenity,53.5506635,9.9600111,0.20439708579792903
282,Copy Office,shop,53.5525019,9.9611284,0.4011608969113823
283,Mimosa,amenity,53.5524729,9.9635997,0.5152939339417317
284,Berg 4,amenity,53.5501657,9.9611043,0.24906482626314386
285,Wodka Bombe,amenity,53.5497492,9.9602926,0.1886559923947
286,,amenity,53.5496568,9.9601598,0.1794622317100971
287,Kleine Haie Grosse Fische,amenity,53.5489929,9.9601411,0.1921482559308816
288,Gun Club,amenity,53.5481356,9.9635983,0.44036626824465386
289,Nochtspeicher,amenity,53.5471589,9.9612754,0.374654815742106
290,Elbschlosskeller,amenity,53.5498573,9.961507,0.269846393377573
291,Zum Goldenen Handschuh,amenity,53.550013,9.9611095,0.24595637855519423
292,,amenity,53.5455857,9.9534088,0.5246779044052489
293,Tierarztpraxis am Millerntor,amenity,53.5537386,9.9648111,0.6679204727053062
294,Evangelische Kita St. Pauli,amenity,53.5539932,9.9646013,0.6777984152731276
295,,amenity,53.5495273,9.959452,0.13311225100165627
296,,amenity,53.54953,9.9594398,0.1322793833219675
297,,amenity,53.5495306,9.9594051,0.12998298518963503
298,,amenity,53.5495306,9.959422,0.13109840310582313
299,Olivias Show Club,amenity,53.5509106,9.9572765,0.14207072112598243
300,3 Zimmer Wohnung,amenity,53.550658,9.9603358,0.22226506271024632
301,kraweel,amenity,53.5529223,9.9602008,0.4083667301504351
302,HafenVokü,amenity,53.5465652,9.960625,0.40151203001345437
303,Drip Bar,amenity,53.5470172,9.9575471,0.29179808108034627
304,Maa´Deyo,amenity,53.5479779,9.9575978,0.18505908472776048
305,Kiosk für Jungs und Deerns,shop,53.5481657,9.9629069,0.39695799732394255
306,La Fiesta,amenity,53.5480807,9.9629194,0.40170433056446925
307,Störtebeker Fischrestaurant,amenity,53.5466225,9.9626669,0.48180108864654814
308,Museum Bar,amenity,53.5469972,9.9615786,0.40151250985817516
309,Pils Börse,amenity,53.5486309,9.962411,0.34726894417953214
310,Pinoy,amenity,53.5482083,9.9628473,0.3914114086643804
311,Vithursan Shop,shop,53.5487621,9.9623824,0.3410152555602482
312,David Quelle,amenity,53.5489297,9.9623297,0.33276085096728325
313,Journal,amenity,53.5487003,9.9624012,0.3442331219103404
314,,amenity,53.5488437,9.9623698,0.33772338616329783
315,Kiez Mobile,shop,53.5488725,9.9623722,0.33705192859137534
316,Hair & Kosmetikwerkstadt,shop,53.5487513,9.96407,0.4496036013037731
317,Doppelschicht,amenity,53.5472607,9.9565168,0.27179916111592206
318,Kölibri/GWA St. Pauli,amenity,53.5479249,9.9572737,0.19107416330403962
319,Steak & Fish Palast,amenity,53.5499483,9.9649955,0.5011545882516951
320,grafisch Werbeatelier,tourism,53.5523267,9.9647551,0.5690289744338562
321,Hamburger Elbmaster,amenity,53.549848,9.9582338,0.0568033622756519
322,,amenity,53.5455233,9.9552542,0.4806155422730072
323,Berg Bombe,amenity,53.5505474,9.9614784,0.28538073263745994
324,Wilde Hilde,amenity,53.5507207,9.9614629,0.2918377526497319
325,St. Pauli Getränkeshop,shop,53.5513258,9.9625725,0.38786030339387917
326,Reeperbahn,tourism,53.5494937,9.9607801,0.2211525479121653
327,Collab,amenity,53.5531214,9.9628227,0.5262705562161432
328,Jolie,amenity,53.5524161,9.9619788,0.43078645799390175
329,kunstkiosk,shop,53.5528003,9.9595878,0.3793035436183796
330,UWE,amenity,53.5491414,9.9643873,0.4629746540870356
331,Bahnhof Pauli,amenity,53.5490694,9.9641573,0.44890328107444816
332,Sommersalon,amenity,53.5492229,9.9643606,0.4602174695403986
333,Schmidtchen´s Alte Liebe,amenity,53.5492019,9.9641128,0.44412871081029903
334,Häkken,amenity,53.549135,9.9641378,0.4466489679801623
335,Gaga,amenity,53.5490324,9.9643585,0.46269218145001595
336,Hotel Cult,tourism,53.5499808,9.9603064,0.19296697655748696
337,Kandie Shop,amenity,53.5532851,9.9615497,0.4883374965478941
338,Obst und Gemüse der Saison,shop,53.5473377,9.9567184,0.26064102606503353
339,St. Pauli Nixe,amenity,53.5470618,9.9575376,0.28682233455846806
340,clockers BAR St. Pauli,amenity,53.5530876,9.9580224,0.38573878697550723
341,Çarsi Friseursalon,shop,53.5487459,9.9598103,0.18518223975789652
342,Zum Rettungsring,amenity,53.5490195,9.9597611,0.1678135434729418
343,Minimarkt,shop,53.5486781,9.9597016,0.18343499320233456
344,Chez Ronny 's Lounge,amenity,53.5486035,9.9596344,0.1848888688807114
345,Gay-Kino Hamburg,amenity,53.5501105,9.960312,0.1966857225460151
346,Danmark-Snack,amenity,53.5497101,9.9598793,0.16105629979851774
347,Silbersack Billard-Treff,amenity,53.5485557,9.9595956,0.18628058298826203
348,Asia Imbiss Saigon,amenity,53.5484982,9.9595586,0.18866102346207073
349,Herz Hamburg,amenity,53.549936,9.9645131,0.46916290932293414
350,Pizza Max,amenity,53.5511478,9.9500223,0.5203338084606282
351,Grenzstein Altona/Hamburg,historic,53.5498978,9.9578752,0.04023464128647091
352,Bar 33,amenity,53.5482942,9.9628493,0.38774411535282494
353,the Other Place,amenity,53.548171,9.9624902,0.3717177496715131
354,Zum Windjammer,amenity,53.5481244,9.9628891,0.39780899489608884
355,Anleger 15,amenity,53.5482604,9.9624719,0.36635267647313674
356,SN Stehcafe,shop,53.548358,9.9624472,0.3604350205651164
357,,amenity,53.5476989,9.9625699,0.4020626544253264
358,Hootsy Tootsy,shop,53.5474863,9.962654,0.41981284737148233
359,Savci,shop,53.5474341,9.9626397,0.4223826594322794
360,Trattoria Piccolo Mondo,amenity,53.5473692,9.9626227,0.4257111577393898
361,David's Kauf,shop,53.5472018,9.9627114,0.44164758657772385
362,Hafen Kiosk,shop,53.5471285,9.9627239,0.4473503705100652
363,,tourism,53.5452743,9.9533279,0.5573659352487098
364,Grilly Idol Burger,amenity,53.5523859,9.9622491,0.44111283728941597
365,Braves & Company,shop,53.5530776,9.9590689,0.39748311221353955
366,Café du Port,amenity,53.5526512,9.9630251,0.49885678380565057
367,Pamukkale,amenity,53.5523124,9.9628928,0.4675390052045558
368,Mimo,amenity,53.5503316,9.9616178,0.2866638438986473
369,St. Pauli Cut,shop,53.55253,9.9630863,0.4929574961887268
370,Musswessels,shop,53.5522089,9.96384,0.5109656895807945
371,Rosenblatt & Fabeltiere,shop,53.5524423,9.9617838,0.4240289411282191
372,St. Pauli Office,tourism,53.5528145,9.9607119,0.41427815686583747
373,Sekos,shop,53.5521873,9.9639714,0.5168814746089373
374,Berg Grill-Imbiss,amenity,53.5506174,9.9614515,0.286584599471821
375,,amenity,53.5503582,9.9614455,0.27652517063121584
376,Maria Bar,amenity,53.5481358,9.9639087,0.45945701581646503
377,Sokoll,shop,53.5537401,9.963361,0.6014625203824553
378,Stern Shop & Kiosk,shop,53.5514236,9.9625818,0.39377779493743714
379,Strips and Stories,shop,53.5536585,9.9618933,0.5355570288012639
380,Saltwater Shop,shop,53.5527253,9.9614081,0.4321724426096497
381,Fahrschule Larson,amenity,53.5522167,9.9628335,0.45776385175522366
382,Backshop,shop,53.5525455,9.9629884,0.48919991209183744
383,Ars Japonica,shop,53.5521558,9.9628184,0.45275933234371263
384,Wohlschnitt,shop,53.5531909,9.9610522,0.46179176234429836
385,Fux Vintage,shop,53.5532637,9.9611319,0.47145818431640407
386,,shop,53.5525267,9.9610161,0.39890527681673205
387,Hain,shop,53.553621,9.9618769,0.5314747275599074
388,Kapellenhof5,shop,53.5535046,9.9617507,0.5160554163670351
389,Tabak Trafic,shop,53.5538039,9.9620735,0.5556411964084181
390,Muräne Café Bar Events,amenity,53.5538652,9.9621264,0.5632667487748931
391,Mr. Dam,amenity,53.5537357,9.9619838,0.546031640374495
392,,amenity,53.5475882,9.9636952,0.4725359876114965
393,Gebraucht Möbel Center,shop,53.5529061,9.9603059,0.40992080068726167
394,Holsten-Schwemme,amenity,53.5482812,9.9559785,0.17989084939435027
395,Tortuga Bar,amenity,53.553881,9.9602103,0.5063322387746636
396,Maria Café,amenity,53.5524912,9.9572504,0.3177891406938968
397,,amenity,53.5518507,9.9562312,0.2591842003565778
398,Kleine Freiheit No. 3,amenity,53.5529365,9.9565778,0.37161634077873995
399,Frischkauf,shop,53.5512102,9.9642782,0.4850596411359373
400,Interkulturelle Begegnungsstätte e.V.,amenity,53.5518087,9.9644823,0.5248290689370929
401,Olivia Jones Bar,amenity,53.5510114,9.9575793,0.15304154023571062
402,Club Hamburg,amenity,53.5499405,9.9643925,0.4612258915980861
403,,amenity,53.5511749,9.9643217,0.4863548233634619
404,Holsten Kiosk,shop,53.5501368,9.956027,0.10955762140784675
405,Hotel Lafayette,tourism,53.5505045,9.9560458,0.13410350928473722
406,haebel,amenity,53.553152,9.9577363,0.39150425899650104
407,The Rabbithole,amenity,53.5518131,9.9564287,0.2513672497492
408,Hörsaal,amenity,53.5502591,9.9603185,0.2021389711121132
409,Krug Weinstube,amenity,53.553201,9.9575026,0.3965193112503723
410,Millerntor,amenity,53.5509553,9.9648378,0.5109792142452394
411,Taub Trüb,amenity,53.5505527,9.9640581,0.449500693999805
412,CustomRingz,shop,53.5505537,9.9642699,0.46320987919371875
413,Lidl,shop,53.5509372,9.956127,0.16915256889348673
414,Prizeotel Hamburg-St. Pauli,tourism,53.5507216,9.9561282,0.14912155592440646
415,,amenity,53.5454936,9.9551,0.48694261442475656
416,,amenity,53.5455068,9.9551657,0.4841701242195188
417,,amenity,53.5455368,9.9553132,0.4780093100286355
418,,amenity,53.5458048,9.9569155,0.4281480989209469
419,,amenity,53.5457971,9.956851,0.4293779263806789
420,,amenity,53.5457477,9.9568748,0.43471075037244206
421,,amenity,53.5457547,9.9569323,0.43361505210524687
422,,amenity,53.5457106,9.9561801,0.44521102134520335
423,,amenity,53.5457059,9.9561118,0.4466033635081118
424,,amenity,53.546257,9.9611701,0.44983944340243226
425,,amenity,53.5461724,9.9603275,0.43026086787342493
426,,amenity,53.5461669,9.9602834,0.4295246867915069
427,Herr Schmöll,amenity,53.5529771,9.9584607,0.3775477412941018
428,Bonnie & Braves,shop,53.5530445,9.9591393,0.3952313427148316
429,Hausarztpraxis St. Pauli,amenity,53.5518532,9.960489,0.3182291674067171
430,,amenity,53.5463734,9.9564159,0.3698209862259074
431,,amenity,53.5452285,9.951792,0.6177910404190957
432,Lütt & Lecker Fischbrötchen,amenity,53.5452579,9.9518334,0.6135248278124957
433,Erotic Art Museum,tourism,53.5470231,9.9616165,0.4011312805150319
434,Kokomo Noodle Club,amenity,53.5523991,9.9621292,0.4364530904158644
435,,leisure,53.5476801,9.9538232,0.3246067590030477
436,,amenity,53.5525199,9.9531922,0.42729157602194917
437,,amenity,53.5524649,9.9532914,0.41835349273036304
438,,amenity,53.5524641,9.9532284,0.4210513411260857
439,,amenity,53.5521613,9.9532579,0.39513601559074313
440,,amenity,53.5521557,9.9532217,0.3963870365307376
441,,amenity,53.553362,9.9525498,0.5266229534229008
442,,amenity,53.5532967,9.9525679,0.5201756816147268
443,,amenity,53.5532317,9.9525873,0.5137250127127297
444,,amenity,53.5531668,9.9526048,0.5073870879797129
445,,amenity,53.5532787,9.9523996,0.5256446375453392
446,,amenity,53.5531425,9.9524365,0.5124619100920763
447,ASTRA Brauerei St. Pauli,amenity,53.5501523,9.9562566,0.0977409206266526
448,Thomas Read Irish Pub,amenity,53.5500714,9.9566397,0.07227749704890687
449,SeaRâmica,shop,53.5523588,9.9644787,0.5554691178887838
450,Minigroove Records & Books,shop,53.5512502,9.9633002,0.42709353624387525
451,Coppa Boom,amenity,53.5506108,9.9620502,0.3233922361010382
452,Hotel 66,tourism,53.5534375,9.9632843,0.5728769790524698
453,Lefty's,amenity,53.5525125,9.9632062,0.4977503086771736
454,sanktpaulibar,amenity,53.549112,9.9630987,0.3788056178341778
455,not the girl who misses much,shop,53.5534153,9.9616793,0.505158385167232
456,Fritzen,shop,53.5533456,9.9616162,0.496384694432749
457,WOHL oder ÜBEL,amenity,53.5530601,9.9613404,0.459817247525561
458,Crane and Crane,amenity,53.5507833,9.9600001,0.21154551725677603
459,Sorgenbrecher,amenity,53.5509464,9.9614404,0.3017630256194272
460,Kuchnia,amenity,53.552391,9.9601036,0.3531726158832592
461,P&P - drinks & gude laune,amenity,53.5525637,9.9607244,0.3911910544844601
462,Babanin Yeri,amenity,53.5530394,9.9582267,0.38198293448988424
463,Paul Roosen Kiosk,shop,53.5530572,9.958125,0.3831034197934477
464,XO Seafoodbar,amenity,53.5531969,9.9583697,0.4006883739415165
465,Pauli Schnitt,shop,53.5529044,9.9589233,0.37634119062083354
466,,amenity,53.5464587,9.9504814,0.5820160605008664
467,,amenity,53.5531353,9.9583024,0.3932495022712901
468,,amenity,53.5472852,9.9563291,0.2722809872093812
469,Kleine Eisbude,amenity,53.5459907,9.9615888,0.4898885758435557
470,Houtang Hot Pot,amenity,53.5494776,9.9569578,0.037349739665363826
471,Hooters,amenity,53.5494702,9.9571706,0.026444576671714546
472,,amenity,53.5496973,9.9625806,0.33996785994011647
473,Molotow,amenity,53.5496913,9.9595423,0.13864672513892332
474,Hamburger Alm,tourism,53.5499212,9.96388,0.42719075282441127
475,Hamburger Alm,amenity,53.549889,9.9638936,0.42784133377355027
476,,amenity,53.5495143,9.9594362,0.13221289544255563
477,Alt Hamburg,tourism,53.5488243,9.9603787,0.21408082381978505
478,Osborne,amenity,53.5484157,9.9617617,0.31639138278970474
479,,amenity,53.5497194,9.9600355,0.17144880526359615
480,Geiz-Club,amenity,53.5498181,9.9635207,0.40271223229462094
481,Bum Pho Hong,amenity,53.5483724,9.9628223,0.3828050470685634
482,IMSU,shop,53.5491927,9.9614005,0.26634744667713295
483,,amenity,53.5492195,9.9614454,0.2687384358144463
484,,amenity,53.5534797,9.9559215,0.43939941481139005
485,Bayern Stüberl,amenity,53.5484342,9.9621601,0.33960260732139763
486,Vip Cut,shop,53.5514663,9.9625991,0.39718114947615163
487,Santa Paula - Café & Bar,amenity,53.5517533,9.962699,0.4199168556810983
488,FUJICAGO,shop,53.5520802,9.9624396,0.42792382627421516
489,Rebelzer's Flaggschiffladen,shop,53.552158,9.9624663,0.43482522384811556
490,Feinkost Schnalke,shop,53.552236,9.9636593,0.502815117749546
491,Gordana Änderungsschneiderei,shop,53.5521012,9.9647838,0.5578995719242307
492,,amenity,53.553073,9.9631631,0.5379436641531464
493,Hinterconti Galerie,shop,53.5479117,9.9597361,0.24463129307422982
494,Riverside,shop,53.546739,9.957707,0.32313423140574243
495,Kampai,amenity,53.5507821,9.9614471,0.2937797163333669
496,Heisse Ecke,amenity,53.5494191,9.9632777,0.38688139942759076
497,Emma Markt,shop,53.5475663,9.9626121,0.412491511886187
498,,amenity,53.5538009,9.9620388,0.5540976149374333
499,,amenity,53.5509514,9.9624157,0.3599665736670085
500,,amenity,53.5506739,9.9577014,0.11642334257029381
501,,amenity,53.5505488,9.9574928,0.10135980044337413
502,,amenity,53.5499749,9.9571278,0.043191328962209626
503,Hamburger Sparkasse,amenity,53.5497424,9.962705,0.3483422426809889
504,,tourism,53.5493839,9.9626229,0.3438781639472527
505,Night Light,amenity,53.5478906,9.9610591,0.3082053142789222
506,,amenity,53.5463893,9.9565831,0.3661756173603587
507,,amenity,53.5463679,9.9565862,0.36849581138823945
508,Amsterdam Headshop,shop,53.54946,9.9575009,0.02011386173340849
509,Incito,amenity,53.5477882,9.9597479,0.2560348070092027
510,Teatro Lounge,amenity,53.5493418,9.9586648,0.08687592551199128
511,,amenity,53.5510507,9.9562191,0.17716910809564138
512,Taverne Bar Donatella,amenity,53.5511845,9.9595214,0.22003582490884827
513,Johann Friedrich Struensee,historic,53.5469784,9.9508204,0.5299875251756574
514,Reep,amenity,53.5492095,9.9639975,0.43643970788451636
515,,amenity,53.5464726,9.9565831,0.35702308976952446
516,,amenity,53.5465028,9.9568159,0.35152248833809574
517,,amenity,53.5455096,9.9541126,0.5100665274388289
518,,amenity,53.5455106,9.9541051,0.5101822655934559
519,,amenity,53.5463442,9.9627228,0.5064196471483179
520,,amenity,53.5463543,9.961819,0.46622966464804433
521,,amenity,53.5462096,9.9607561,0.43998019283604983
522,,amenity,53.5462188,9.9603112,0.42515434628871357
523,,amenity,53.5462139,9.9602655,0.42430270548890275
524,,amenity,53.5460435,9.9592687,0.41782088419954716
525,,amenity,53.5459564,9.9586866,0.4178799323035961
526,,amenity,53.5459093,9.9582022,0.41800115504638546
527,,amenity,53.5458099,9.9573612,0.4261417387885275
528,,amenity,53.545731,9.9567605,0.43729177766070326
529,,amenity,53.5456243,9.9559026,0.4584141182160116
530,,amenity,53.5454419,9.9547647,0.49987999449619025
531,Hexenfahrt,tourism,53.5468969,9.953107,0.41959342979492387
532,Minervabrunnen,amenity,53.5459065,9.9518685,0.5563332123199286
533,Fischhändler und Marktfrau,tourism,53.5458395,9.9528603,0.5209739483304098
534,,amenity,53.5527315,9.9600738,0.3856113813462513
535,Herzblut St. Pauli,amenity,53.5498966,9.9639873,0.43409400777215607
536,St. Pauli Nachtmarkt,amenity,53.5495424,9.9645205,0.46860676004677787
537,Periskopisch,tourism,53.5517822,9.958091,0.24232285535785428
538,,tourism,53.5458396,9.954947,0.45423912528840704
539,Altes Altonaer Rathaus,historic,53.5496993,9.9532149,0.2809495093401893
540,Roatan Caribbean Restaurant,amenity,53.5458922,9.9538653,0.4799711728325222
541,Halo Club,amenity,53.5502294,9.9578805,0.07163557931069209
542,,leisure,53.5538264,9.9507364,0.6445112921280759
543,,leisure,53.5538334,9.9506824,0.6475497551599179
544,Jack the Tailor,shop,53.550913,9.9621088,0.3396697046372484
545,LELA - Liebe Eis liebe Alles,amenity,53.5511856,9.9648978,0.5226644046022323
546,Döner Welt Getränke Welt,amenity,53.5492036,9.9610698,0.24460264664058423
547,Burger Heroes,amenity,53.5491961,9.9612978,0.2595904574242058
548,St. Pauli Burger & Noodlehouse,amenity,53.5491891,9.9615092,0.27350250578678387
549,Paradies - Point of Sex,amenity,53.5500928,9.9581106,0.06678994363191144
550,sexy devil,shop,53.5496552,9.961823,0.2896959862252749
551,Johann-Wilhelm-Rautenberg-Gesellschaft,amenity,53.5523736,9.9606192,0.36976469214683794
552,Habana Kiosk,shop,53.5499517,9.957638,0.03697562829143928
553,Kiez Döner,amenity,53.5499031,9.9579594,0.044689760840429776
554,,amenity,53.5479842,9.9618469,0.3445856110946843
555,Jezz It! Showroom,shop,53.5476276,9.9598917,0.27609073520487426
556,Do Mundo,amenity,53.5492367,9.9602491,0.19068554571537524
557,Buch-ein-Bett,tourism,53.550757,9.9647363,0.49857538687235675
558,Kixx,amenity,53.5505524,9.9535329,0.27899390726394596
559,,amenity,53.552191,9.9634493,0.48856333142547104
560,Colibri,amenity,53.5510758,9.9578704,0.16235903179155137
561,Cherry Spielhalle,leisure,53.5499835,9.957802,0.04485696692683491
562,Mausefalle,amenity,53.5498962,9.9580612,0.049512979598912356
563,DrunkenLama,amenity,53.5486454,9.960513,0.23101462365377962
564,Scandinavian Club,amenity,53.5488144,9.9611524,0.26183019183235656
565,,amenity,53.5490159,9.9607526,0.2294534722461333
566,,amenity,53.5533029,9.9588256,0.41787829971468177
567,,tourism,53.5533361,9.9578245,0.4122798311295001
568,,tourism,53.553222,9.958291,0.40269677130111264
569,,tourism,53.5533517,9.9564806,0.4182667773522531
570,,tourism,53.5533944,9.956437,0.4234127754038808
571,,tourism,53.5529545,9.956834,0.3713396372285834
572,,tourism,53.5528836,9.9564846,0.3668315674796302
573,,tourism,53.5530368,9.9562953,0.38592721849310413
574,,tourism,53.5530856,9.9560256,0.39514448119319745
575,,tourism,53.5531262,9.9559308,0.40106692499116536
576,,tourism,53.5530891,9.955992,0.39606106480768016
577,,tourism,53.5488364,9.9598436,0.18190005128257578
578,,tourism,53.548345,9.9592521,0.18695367180043893
579,,tourism,53.5474904,9.962675,0.4206972708462964
580,,tourism,53.5467575,9.9610284,0.3987353973050515
581,,tourism,53.5465974,9.9580293,0.34060616992200043
582,,tourism,53.5465742,9.9579153,0.3424124053105569
583,Palme,tourism,53.5463989,9.9579906,0.3623057900508961
584,Palme,tourism,53.5464366,9.9574946,0.35636030532434976
585,Palme,tourism,53.5462687,9.9571063,0.37573700778567254
586,Palme,tourism,53.5461583,9.9569953,0.38850640126301217
587,Palme,tourism,53.5461426,9.9569425,0.39053576867197304
588,,tourism,53.5465117,9.95825,0.35198400726811757
589,,tourism,53.5473924,9.9575532,0.2500613698117606
590,,amenity,53.5473907,9.9575054,0.25018596433417983
591,Gedenktafel Anker,historic,53.5468483,9.9524242,0.45553119030098044
592,Gedenktafel Anker,tourism,53.5468693,9.9523813,0.45603296000063576
593,Pelikanbrunnen,tourism,53.5480319,9.9506991,0.482015612658136
594,Trinitas Quartier,tourism,53.5483542,9.9499883,0.5149710660505946
595,,tourism,53.5495127,9.9566123,0.05741373443549732
596,,tourism,53.5508393,9.9602756,0.22995454655418557
597,,tourism,53.5512835,9.9608221,0.288801312245384
598,,tourism,53.5516632,9.9626488,0.4115911324221595
599,,tourism,53.5518868,9.9627237,0.4297516164622895
600,,tourism,53.5519922,9.9627587,0.43854425247849216
601,,tourism,53.5521307,9.9635276,0.4889566442397342
602,,tourism,53.5522026,9.9637395,0.5050638171301524
603,,tourism,53.5522057,9.9637169,0.504024161845112
604,Feierei,amenity,53.5475069,9.9608586,0.3274923344171969
605,Bermuda,amenity,53.5503027,9.9610997,0.25279981968171855
606,Goldmarie,amenity,53.5505415,9.9603307,0.2156343236620583
607,Parzelle,amenity,53.5510187,9.9610259,0.28231073707195636
608,INDRA Musikclub,amenity,53.5519933,9.9581557,0.2662054352940192
609,hvv switch Punkt Lange Straße,amenity,53.547268,9.9561648,0.2772789796299408
610,hvv switch Punkt Seilerstraße,amenity,53.5504067,9.9644494,0.4715847739813533
611,hvv switch Punkt Paulinenplatz,amenity,53.5541227,9.9625528,0.6027954321772871
612,hvv switch Punkt Paul-Roosen-Straße,amenity,53.5535684,9.9553069,0.4599304240776008
613,CRUISE RECORDS,shop,53.5505152,9.9617779,0.3028504652110895
614,Blütenpracht,shop,53.5530349,9.9592967,0.3972914589462078
615,,amenity,53.5501662,9.95511,0.1659980637856012
616,,amenity,53.5500844,9.9550884,0.16436332952308316
617,,shop,53.5500587,9.9550523,0.16581645556705135
618,,amenity,53.5476528,9.9571149,0.22211985513808055
619,Gretel & Alfons,amenity,53.5508599,9.9575437,0.13608341419089384
620,Luicella's Ice Cream,amenity,53.5525668,9.9625769,0.47072839297076235
621,Boardinghouse St. Pauli,tourism,53.549377,9.9534898,0.26425432575359553
622,,leisure,53.5535747,9.9625248,0.5522256303895923
623,2. Haus Boardinghouse St. Pauli,tourism,53.5490397,9.9533347,0.28094557516268986
624,Claudias Cut,shop,53.5513017,9.9562114,0.20257088331705866
625,Senf Pauli Manufaktur,shop,53.5519819,9.9564341,0.2694145654211293
626,Angi's Pub,amenity,53.5512355,9.963728,0.4523370848022471
627,Hundeladen,shop,53.5502163,9.9624451,0.33711403963564074
628,Knabe auf dem Pferd,tourism,53.5478217,9.9588826,0.2233124157685563
629,,amenity,53.5499575,9.9552158,0.15243944640989757
630,,amenity,53.5500763,9.9551943,0.1574047040964905
631,Dein Topf,amenity,53.5529198,9.9544848,0.41480615959459566
632,Tazzi Pizza 2 go,amenity,53.553175,9.9569214,0.3951819089216725
633,Olivias Wilde Jungs,amenity,53.5509797,9.9578388,0.1514630884176646
634,tipwin,shop,53.5508995,9.9578124,0.14236992100379167
635,Safari Bierdorf,amenity,53.5507752,9.9577715,0.128277586702384
636,Le Premier Night Club,amenity,53.5500404,9.9574892,0.04480766879586609
637,The Plane,amenity,53.5501278,9.957556,0.05489968353889594
638,MashUp - Music Bar,amenity,53.5502813,9.9576089,0.07230055784671927
639,BKI: Kiezinternat,amenity,53.550332,9.9575973,0.07779046450469192
640,superfly,amenity,53.5503864,9.9576199,0.08398686799175592
641,Jams Club,amenity,53.5504408,9.9576489,0.0902491205948108
642,Shooters,amenity,53.5505167,9.9576709,0.0988187923285816
643,Galerie Bar,amenity,53.5504954,9.9577723,0.09770950811413673
644,Brooklyn Bar,amenity,53.5506163,9.9577192,0.11026420078812069
645,Highway,amenity,53.5510822,9.9575981,0.16097995707019705
646,,shop,53.551027,9.9574094,0.15457274083033437
647,Star-Club,tourism,53.5510869,9.957456,0.16121330741323447
648,,amenity,53.5506641,9.9573996,0.1142105526443616
649,Dollhouse Beach Club,amenity,53.5506589,9.9574513,0.11357820365068762
650,A La Charme Club - Tabledance,amenity,53.5503428,9.9572787,0.07923818215095241
651,Susi's Showbar,amenity,53.5499938,9.9572143,0.04258686065371581
652,Kaiserkeller,amenity,53.5512153,9.9578905,0.1778895435863702
653,Große Freiheit 36,amenity,53.5511751,9.9579791,0.17455596391870085
654,Galeria 36,amenity,53.5511217,9.9579069,0.16781225191531762
655,MVZ arGon,amenity,53.5508742,9.9551033,0.20774919068113307
656,Hanse Chirugie,amenity,53.5508233,9.955086,0.20491924868609235
657,Dr. med. Christian Lott,amenity,53.5507765,9.9550702,0.2024225019794884
658,Dr. med. Christian Steiding,amenity,53.5507277,9.9550536,0.1999428234524104
659,Radiologische Allianz Holstenstraße,amenity,53.5506735,9.9550352,0.19733270742976272
660,Champions Coffee,amenity,53.5490621,9.9601083,0.18735913473931667
661,Kiez Markt,shop,53.5490153,9.9600837,0.18768954689949421
662,ltur,shop,53.5497233,9.9599684,0.16703162069188138
663,Blaue Nacht,amenity,53.5485879,9.9622314,0.337651579672094
664,Vulkan,amenity,53.5497089,9.9597522,0.1526359219456281
665,For You,shop,53.5497067,9.9596321,0.1446735535990812
666,Pink Palace,amenity,53.5497313,9.9592425,0.11910006740265104
667,Reeperbahn Döner,amenity,53.5496925,9.9593344,0.1248869727840842
668,Club d´Amour,amenity,53.5497044,9.9593091,0.1232838305883285
669,Titty Twister,amenity,53.5498299,9.9591674,0.11565338368873125
670,Grizzlys,amenity,53.5497127,9.9590854,0.10855305505657918
671,Hausverbot,amenity,53.5482628,9.9598082,0.2186820616885613
672,Nordlicht,amenity,53.5482228,9.9596576,0.2149118061150321
673,Die Wäsche Feen,shop,53.5483572,9.9601631,0.2293792747220105
674,Hotel Hanseport Hamburg,tourism,53.5477285,9.961466,0.3405258252343534
675,Weinladen St. Pauli,shop,53.5531258,9.9578459,0.38901110009923456
676,Salt & Silver Lateinamerika,amenity,53.5465436,9.9586073,0.35284476787954777
677,Hidden Kitchen Hamburg,amenity,53.5484558,9.9624416,0.35592658844133007
678,Hamburger Tropfen,tourism,53.5528784,9.9604294,0.4110539620694515
679,Rosi's Bar,amenity,53.5503722,9.9610973,0.2550183914908058
680,Sechsundzwanzig Weingarten,amenity,53.5491456,9.9636085,0.4117076934544628
681,Praxis St. Pauli,amenity,53.5475494,9.9576473,0.23285716509741933
682,Terheyde Obst und Gemüse,shop,53.5527974,9.9596248,0.37992670291816205
683,BETR BURGERS,amenity,53.5513133,9.9626828,0.39361203011724366
684,Mangal Kebap's,amenity,53.549673,9.9615599,0.27227846356661095
685,A-Club,amenity,53.5497957,9.9583412,0.06145720631558063
686,Blue Night,amenity,53.549769,9.958442,0.06718331888922452
687,TOP Secret,amenity,53.5497446,9.9585457,0.07342311064343951
688,Hotel am Beatles-Platz,tourism,53.5500268,9.9568785,0.0575810272033818
689,HUi Cookshop,amenity,53.5530432,9.959105,0.3944552648300791
690,Non Stop Shop,shop,53.5496638,9.961711,0.2822805504587531
691,,amenity,53.5455218,9.9631414,0.5933914956685474
692,Kino No. 5,amenity,53.5502431,9.9611017,0.25106789516604283
693,Erotixx,amenity,53.5499635,9.9615146,0.2716680504604613
694,Sparta Junior,amenity,53.5503119,9.9627685,0.36024125986307687
695,Grilled cheese wonderland,amenity,53.5505392,9.9636846,0.4250675999312766
696,,amenity,53.5482426,9.9603312,0.24605498188408315
697,Heimat St. Pauli,tourism,53.5482265,9.9604066,0.25106822459787065
698,,shop,53.5482566,9.9605296,0.2554464516984732
699,Hans-Albers-Klause,amenity,53.5482902,9.9606722,0.26088632288712416
700,emy Nails,shop,53.5484129,9.9616884,0.312148280618057
701,Goldstar,amenity,53.54844,9.9622639,0.34568534355770464
702,Seanh Thai,amenity,53.5484297,9.9620463,0.33288731611837813
703,HOLY TACO,amenity,53.5491719,9.9621522,0.31580871997377197
704,EDEKA Getränkemarkt,shop,53.5491733,9.9620301,0.30780244965603476
705,,amenity,53.5492076,9.9620214,0.30661381207396116
706,Tipico,shop,53.5492027,9.9611938,0.2526835854746505
707,Aladin Center,shop,53.5491888,9.9616571,0.2831519240957216
708,Hotel Lucky´s Inn,tourism,53.5491608,9.961334,0.2627134813898898
709,Rotlicht Hamburg,amenity,53.5485447,9.9604641,0.2338080095746637
710,Hesburger,amenity,53.5485775,9.9604811,0.232898901833029
711,Rodizio Steakhouse,amenity,53.5486915,9.960536,0.22995827399835025
712,Kizzeria,amenity,53.5487626,9.9611611,0.2644408488320862
713,,amenity,53.5487595,9.9610763,0.25935410870152176
714,Sleephotels Casino,amenity,53.5498156,9.9615091,0.26960597254418545
715,,amenity,53.549348,9.9595593,0.14334037478193679
716,Crazy Fashion,shop,53.5492948,9.9598683,0.16463318245490832
717,,amenity,53.5492525,9.9598965,0.16759609822942428
718,Mini-Market,shop,53.549186,9.9598468,0.1665009250013949
719,,amenity,53.5488987,9.9597138,0.17101080813017097
720,ohne Namen,shop,53.5489616,9.9597368,0.16911637989559739
721,Pauli Center,shop,53.5493139,9.9596429,0.1496146650557244
722,Die Heilsarmee,amenity,53.5501583,9.9598641,0.17000062461574367
723,Bei Teresa,amenity,53.5494238,9.9580613,0.046896691442280494
724,Black Bar,amenity,53.5494265,9.9580108,0.043886883503667644
725,kein Schild,shop,53.5494296,9.9579511,0.04040606407480562
726,Mekong,amenity,53.5494359,9.95783,0.033679970782429514
727,Falafel Meister,amenity,53.5494392,9.9577669,0.03043123109350443
728,Biggy's Kiosk,shop,53.5494585,9.9573953,0.02037681455980397
729,Spirit of St. Pauli,shop,53.5494568,9.9575891,0.022149480284530527
730,01 CLUB,amenity,53.5494455,9.957646,0.02501172450887267
731,Reeperbahn Shisha & Kiosk,amenity,53.5494824,9.9566731,0.05449321067887186
732,,amenity,53.5494911,9.9561976,0.08477053847769199
733,,amenity,53.5495061,9.9564585,0.06750282483947236
734,,amenity,53.5494882,9.9573302,0.01857561391919035
735,,amenity,53.549446,9.9580522,0.04515590475111421
736,Hostel West,tourism,53.549997,9.9599879,0.1727302275215275
737,,amenity,53.5494094,9.9598442,0.16056823362355038
738,,amenity,53.5493464,9.9627507,0.3526811047966624
739,,amenity,53.5494384,9.9627187,0.34976820168669936
740,,amenity,53.5494944,9.9632191,0.382562139219837
741,Die Lütte Brücke 10,amenity,53.5454352,9.9641714,0.6459030024021939
742,Alkotheke St. Pauli,shop,53.5491147,9.9607399,0.22556256892621163
743,Sam's Kiosk,shop,53.5499478,9.9600058,0.1727102873451903
744,Nikki Tiger,amenity,53.5500888,9.9599916,0.17560777055942514
745,AYLA Beauty,shop,53.5504647,9.9541856,0.23524691556399854
746,Golden Finger,shop,53.5494869,9.9568792,0.04156619100868245
747,FAME,amenity,53.5504462,9.9543257,0.2259017159530545
748,IHR Sonnenstudio,shop,53.550438,9.9544817,0.21607771519235247
749,Reeperbahn Kiosk,shop,53.5494925,9.9567825,0.04727813168078664
750,IN The Club,amenity,53.5500026,9.9574939,0.04062744318585721
751,Nachthafen,amenity,53.5523825,9.9643404,0.5492690247386777
752,Washington-Bar,amenity,53.5470117,9.9616931,0.4055553340830792
753,Skurrilum,leisure,53.5490841,9.9643782,0.4631823194331912
754,Endless Pain,shop,53.54758,9.9622168,0.390144535252283
755,Reitclub,amenity,53.5483057,9.961218,0.2903399061514624
756,Peggy Sue,amenity,53.5482195,9.9612328,0.2961858774906959
757,Inside 80's Club,amenity,53.548183,9.9612388,0.2987057550688348
758,Vodka Boom,amenity,53.5492654,9.9604151,0.2007131884822571
759,Art of Ari,shop,53.549349,9.9592186,0.1214169461718853
760,Köz Steinbock,amenity,53.549369,9.9588833,0.0994691075354187
761,Merlin,shop,53.5493367,9.9593317,0.12900973058463322
762,Grüne's Leihäuser,shop,53.5493161,9.959374,0.1323219054526925
763,K.M Knurowska & T.M.Knurowski,amenity,53.5492975,9.9593733,0.13285358928725047
764,Chez Ronny,tourism,53.549319,9.9595461,0.14325477820488625
765,24 Carat,amenity,53.5493216,9.9594759,0.13867827689589363
766,Original Korea Chicken,amenity,53.550177,9.95757,0.06044899779863869
767,Rooftop Dune,amenity,53.5504047,9.9573679,0.08547028405093397
768,Ilay's Pub,amenity,53.5505311,9.9574138,0.09938740895862577
769,Döner Freiheit,amenity,53.5505813,9.9574283,0.10495371985514
770,,amenity,53.5496538,9.9622191,0.31594871103352407
771,,amenity,53.5496305,9.9619157,0.29583564046005606
772,,amenity,53.5497005,9.9604476,0.19864653494243906
773,Standard,amenity,53.5528345,9.9584091,0.3613225312389809
774,Sexy Angel,shop,53.5492171,9.9607663,0.22460041757546925
775,Hot-Dog Station,amenity,53.5492452,9.9607361,0.22200554075151022
776,Vulkan Spielhalle,amenity,53.549248,9.9606615,0.21709752923398104
777,Loonies,shop,53.5492512,9.9605798,0.21172185773802046
778,Getränkeblitz,shop,53.5504355,9.9600052,0.19104852713389367
779,Center of Gravity,leisure,53.5503693,9.9600035,0.18763923798192012
780,Barber Shop,shop,53.550547,9.9600081,0.19728244519863045
781,Blood In Blood Out,shop,53.5505781,9.9600089,0.19912392219604635
782,Große Liebe,amenity,53.5509731,9.9600131,0.2255499058852157
783,Moe's Vodka Bombe to go,amenity,53.5510232,9.9599489,0.22612848497983337
784,OCEAN,amenity,53.5504793,9.960328,0.21233527737085892
785,Reeper B. Club,amenity,53.5496904,9.9589269,0.0979032483978399
786,Rote Katze,amenity,53.5497065,9.9588142,0.09057975832734537
787,Loco Kiosk,shop,53.549708,9.9587023,0.08320656222821758
788,White Rabbit,amenity,53.5499755,9.9578801,0.04702386123223075
789,KiezCorner,shop,53.550333,9.9614754,0.2776286480530943
790,paaca,amenity,53.5507161,9.961118,0.27095286595926155
791,Älteste Tätowierstube in Deutschland,shop,53.5504344,9.9611324,0.2595042456832472
792,,shop,53.5502333,9.9614956,0.27604554431102457
793,Tokyo Bar,amenity,53.5500106,9.961511,0.272179786799457
794,Bergsteiger Bar,amenity,53.55058,9.9610568,0.2608769247930624
795,Kiezbude,tourism,53.5493281,9.958058,0.05295212522360906
796,Astra Bar,amenity,53.5484108,9.96129,0.28873690758964826
797,,amenity,53.5463068,9.950791,0.57658600599511
798,,amenity,53.546163,9.9602457,0.4288303344119971
799,,tourism,53.546386,9.963255,0.5281691525780612
800,,amenity,53.546104,9.9504122,0.6103308556857662
801,,amenity,53.5455304,9.9552885,0.4791771255366834
802,,amenity,53.5464752,9.9507224,0.5682771530762892
803,Klangfrachter,amenity,53.5484235,9.9613742,0.29301042825937024
804,REWE To Go,shop,53.5493328,9.9527644,0.3125848221147568
805,Meuterei,amenity,53.5485735,9.9619156,0.31868972074052354
806,DOT,amenity,53.5485815,9.9620571,0.3270932617781218
807,,amenity,53.5509678,9.9509651,0.4547256927566108
808,,amenity,53.5509765,9.9513379,0.4317688152627916
809,,amenity,53.5511319,9.9528641,0.3465760979992429
810,,amenity,53.5511128,9.9527702,0.3510513333171204
811,,amenity,53.5507857,9.9500672,0.5058763551925346
812,,amenity,53.5511204,9.9528046,0.3494357868277094
813,,amenity,53.5516852,9.9522815,0.41152811969269276
814,,amenity,53.5515609,9.952809,0.37483497584505665
815,,amenity,53.5515333,9.9528111,0.3729753009244444
816,,amenity,53.5512217,9.9522869,0.38505819467807145
817,,amenity,53.5512271,9.9523416,0.3821159042742591
818,,amenity,53.5505958,9.9517675,0.39157624150321607
819,,amenity,53.5502438,9.9527317,0.3200654839255517
820,,amenity,53.5503207,9.9526424,0.32773057650294296
821,,amenity,53.550285,9.9526333,0.32742130308966877
822,,amenity,53.5499796,9.9521448,0.3538380132409244
823,,amenity,53.5540373,9.9648391,0.6923700160247659
824,zum Motherfukker,amenity,53.5481349,9.9610269,0.2900610934081789
825,Sportpub Tankstelle,amenity,53.5480503,9.9610363,0.2960928403062161
826,Mary's Treff,amenity,53.5476662,9.9610747,0.32530983088958026
827,Dr. INK bar,amenity,53.5477452,9.961068,0.31910933954041965
828,Käpt'n Brass,amenity,53.5479765,9.9612513,0.3124351836967225
829,"Sweet Mint, Oriental Kitchen",amenity,53.55015,9.9623978,0.3326953205781856
830,,amenity,53.5495283,9.9646867,0.4796575673484775
831,Teigtasche,amenity,53.5500591,9.9624316,0.3333322170349467
832,,amenity,53.5495008,9.9644245,0.4623758169285989
833,,amenity,53.5493208,9.9633702,0.3938317474877469
834,Lucky Bar,amenity,53.5498848,9.9611707,0.24797490123482577
835,Rock-Bar No 1,amenity,53.5499305,9.9611683,0.2484309517562252
836,Tal Kiosk,shop,53.5507283,9.9603243,0.22571639288804463
837,N@tphone,shop,53.5511028,9.9603304,0.25090001119810956
838,Kiosk & Handyshop,shop,53.5500128,9.9621281,0.31269994125179096
839,Schanzenshop,shop,53.5509896,9.9603407,0.24344156224864322
840,Hein Hoyer Dreams,amenity,53.5501936,9.9620833,0.3130991248687715
841,Kiosk,shop,53.5501526,9.9620942,0.31294100574535794
842,,amenity,53.5506169,9.960208,0.21264660156154308
843,Lovenus Nails,shop,53.5500136,9.9624453,0.33355973903874736
844,Pura Vida,amenity,53.5495651,9.9647873,0.4862371800578077
845,,leisure,53.5499316,9.951854,0.3725012642931295
846,?? Bar & Lounge,amenity,53.5490449,9.9607106,0.22583600997497802
847,,amenity,53.5515309,9.9589783,0.2336517482008526
848,Stand By Me,shop,53.550748,9.9620602,0.32943130427449674
849,Sportsbar,shop,53.5518112,9.9628359,0.43104307982616547
850,,amenity,53.551481,9.9606008,0.2925774542706852
851,ROWDY,shop,53.5506943,9.9620457,0.3263411479745773
852,Sarsi Deniz Friseur,shop,53.5520598,9.9628068,0.4456142357298174
853,,amenity,53.5476259,9.9620851,0.38007996150817946
854,Kiosk St.Pauli,shop,53.5509227,9.9624437,0.36038471046853804
855,,amenity,53.5504811,9.9614204,0.2792253386793339
856,,amenity,53.5514633,9.9614288,0.3327364812670748
857,Terzinet Änderungsschneiderei,shop,53.5519168,9.9563924,0.2631309232134506
858,Claas-Hendrik Wiechell,amenity,53.5519377,9.9600334,0.3078169253420577
859,,amenity,53.5517339,9.9571454,0.23410801114391336
860,,amenity,53.5498753,9.9560491,0.09667738974721314
861,Restaurante Barolo Bar,amenity,53.5482665,9.9628395,0.38834677588446165
862,Chom Thai Wellness,shop,53.5509713,9.962456,0.3633079378386043
863,,amenity,53.5494071,9.9616088,0.27669339117639374
864,,amenity,53.5494063,9.961244,0.2526378107177341
865,,amenity,53.5491606,9.9624437,0.3350793887846007
866,,amenity,53.5499344,9.9614685,0.268223087062099
867,,amenity,53.5481777,9.9610637,0.28935386081505027
868,,amenity,53.5483641,9.9610335,0.2765071677347452
869,,amenity,53.5491991,9.9617876,0.29147505895228587
870,,amenity,53.5501968,9.9614581,0.2726788591328248
871,,amenity,53.5468345,9.9601417,0.35938794146674435
872,,amenity,53.549142,9.9625746,0.3439749808526459
873,In Exile,amenity,53.5511787,9.9617928,0.3348878274713947
874,,amenity,53.549289,9.960307,0.19316280716129183
875,Kiez Crush,shop,53.5469774,9.9614048,0.39540358051846425
876,,amenity,53.5476453,9.9627436,0.41498053298845883
877,,amenity,53.5475205,9.9596629,0.27754165278694126
878,,amenity,53.5501106,9.9614551,0.27045873865730424
879,,amenity,53.5468373,9.9600912,0.3574676588073129
880,,amenity,53.5484317,9.9616309,0.3078058792182303
881,,amenity,53.5496917,9.9597327,0.15125802302680064
882,Flowbird,amenity,53.5509517,9.9559736,0.17598723252387644
883,,amenity,53.5508505,9.9559446,0.16788772376982738
884,,amenity,53.5462244,9.9581168,0.38251007285542266
885,,amenity,53.5462773,9.9579393,0.3754684961691309
886,,amenity,53.5492083,9.9560202,0.10631509687157459
887,,amenity,53.5489859,9.9557329,0.13514221394514883
888,,amenity,53.549141,9.9558653,0.11887309240054572
889,,amenity,53.5485761,9.9552887,0.18586638733692856
890,,amenity,53.5486261,9.9552066,0.18668656111135423
891,,amenity,53.5461956,9.9579412,0.38453915658125365
892,,amenity,53.5465728,9.9578853,0.3423952160500289
893,,amenity,53.5480979,9.9563707,0.1858400475832293
894,,amenity,53.5463665,9.9563606,0.3712726384380553
895,,amenity,53.5479764,9.9564643,0.19622738663872133
896,,amenity,53.5462621,9.9582469,0.37944286651716713
897,,amenity,53.546458,9.9589621,0.36784078846164064
898,,amenity,53.5488505,9.9555326,0.15453738601336872
899,,amenity,53.5463572,9.9588859,0.37734530280610473
900,Angie's,amenity,53.5491639,9.9634838,0.40324564035934135
901,Sportsbar66,amenity,53.5488088,9.9598572,0.18420643977287174
902,Glanz&Gloria,amenity,53.5491382,9.963211,0.38572948638136445
903,,amenity,53.5492173,9.9639451,0.43289265658317416
904,,amenity,53.5480952,9.9643128,0.4860810554474404
905,,amenity,53.5468106,9.9621217,0.4414078103965479
906,,amenity,53.5470046,9.9619597,0.4185503698662477
907,"EROTIC-SHOP, SEX-KINO",shop,53.5503262,9.9623768,0.3352505928216378
908,Hamburg Werkstatt Fotografie,tourism,53.5466098,9.9585013,0.3441682723920512
909,Crazy Jeans,shop,53.5499791,9.9646084,0.47582194812194484
910,Silbersack Hood Talentförderung,amenity,53.5487748,9.9594629,0.16430628277806036
911,Kinder- und Jugendtagesstätte Silbersack,amenity,53.5487446,9.9594328,0.16470042729069098
912,Nachbarschaftsheim St. Pauli,amenity,53.5487997,9.9594878,0.16405515101824358
913,Die Frauen der Herbertstraße,historic,53.5480932,9.9625597,0.3797041731300189
914,Panik City,tourism,53.5490227,9.9642177,0.4536232779173845
915,LaserLoft,leisure,53.5490781,9.9642745,0.4564618196666589
916,Artisten-Atelier - Bianca Wolkenstein,shop,53.5508707,9.9624323,0.35743098258603107
917,Kunstmeister,shop,53.5510797,9.962739,0.3853707985332902
918,,amenity,53.5529551,9.959459,0.39236494021923296
919,,amenity,53.5504247,9.9602514,0.20512485187313376
920,,amenity,53.5499707,9.9600081,0.17338534321251076
921,,amenity,53.5507269,9.9600218,0.2089953503575201
922,,amenity,53.547843,9.957586,0.20001799194041195
923,Bobby's Burger,amenity,53.5492904,9.960188,0.1854109467631607
924,,amenity,53.5498922,9.9571807,0.033499376031208235
925,Kiez Schnitte,shop,53.5505178,9.9626781,0.35992667258275723
926,Gunshop,shop,53.5492794,9.9603324,0.1950282975796529
927,,amenity,53.5493782,9.9590649,0.11073312661017606
928,,amenity,53.5485029,9.9606742,0.24814157793445074
929,Lani Beauty & Spa,shop,53.5503446,9.9630648,0.3802079665597431
930,Wodka Welt,shop,53.5490782,9.961025,0.24486944496382956
931,The History Bar & Club,amenity,53.5500746,9.9621045,0.312145057703012
932,Your Späti 44,shop,53.5505127,9.9629651,0.378121376152922
933,Die Herkunft des beliebtestn Sandwiches der Welt,tourism,53.5494781,9.9561329,0.08925977653422244
934,,amenity,53.547755,9.9576087,0.20987182539739177
935,Pizza Garage,amenity,53.5500299,9.9567245,0.06500968115274167
936,Piccadilly,amenity,53.5480478,9.9588314,0.19923280085672496
937,,amenity,53.5478624,9.9579347,0.20023116057238916
938,Hier beginnt die Reeperbahn,tourism,53.5494833,9.9560973,0.09146200529080756
939,,amenity,53.5484203,9.9592763,0.18164345250639188
940,,amenity,53.5482686,9.9586375,0.17150094941920843
941,Gertrud Mannheimer,historic,53.5511849,9.9620441,0.34963949440023195
942,Arthur Mannheimer,historic,53.5511861,9.9620327,0.349047880241102
943,,amenity,53.553373,9.9567706,0.41809759214253184
944,,amenity,53.5523963,9.956524,0.31305207042154154
945,,amenity,53.5485743,9.9546545,0.22004101099623538
946,,amenity,53.5523037,9.9564029,0.30468549295919717
947,,amenity,53.5509335,9.9559845,0.17390331898841577
948,,amenity,53.5495193,9.9552143,0.14893592199160716
949,,amenity,53.5512055,9.9559932,0.1994339183223245
950,,amenity,53.5516635,9.9561288,0.24185825841566863
951,,amenity,53.5463613,9.9533622,0.4544572161906329
952,,amenity,53.5506693,9.955966,0.1512296100692388
953,,amenity,53.5505941,9.9559625,0.14514014919242424
954,,tourism,53.5498575,9.9552691,0.1467522228625457
955,,amenity,53.5465568,9.9530613,0.449827728273315
956,,amenity,53.5471388,9.9535679,0.37906267470941296
957,,amenity,53.5456457,9.9535813,0.5131361872495991
958,,amenity,53.5454935,9.9530133,0.5471651296327058
959,,amenity,53.545281,9.952849,0.5729726591086205
960,,amenity,53.5452706,9.952862,0.5734950515105781
961,,amenity,53.5452746,9.9528269,0.5743563336171753
962,,amenity,53.5469187,9.9536515,0.39382193939412835
963,,tourism,53.5458161,9.9517333,0.5698071262390703
964,,amenity,53.5453779,9.9524086,0.5801901134780909
965,,amenity,53.5458956,9.9517125,0.5641606971128739
966,,amenity,53.5460737,9.9514058,0.5639486465579667
967,,amenity,53.5481091,9.9598067,0.23091436970503676
968,,amenity,53.5488358,9.9577422,0.09136857864887254
969,,amenity,53.5489111,9.9577628,0.08351971980956514
970,Bar 33,amenity,53.5483021,9.9628848,0.3895794671223989
971,,amenity,53.5494944,9.9562231,0.08304123962110373
972,,amenity,53.5494258,9.9582519,0.05803488588610455
973,,amenity,53.5500205,9.9587103,0.0935944038267696
974,Große Freiheit Nr.7,amenity,53.5502393,9.9573317,0.06735492192348817
975,The Time,amenity,53.5478277,9.961064,0.31291940776302407
976,Trinkbar,amenity,53.547974,9.9610486,0.30188257245575423
977,Nachtschicht St. Pauli,amenity,53.5478483,9.9608543,0.3008956014087387
978,Toom Peerstall,amenity,53.5524255,9.961765,0.4218094344263236
979,Ramba Zamba,amenity,53.5485755,9.9617477,0.3083014271925407
980,,amenity,53.5469181,9.9505584,0.5481565297507388
981,,amenity,53.5468861,9.9502629,0.5665063066037647
982,,amenity,53.5512148,9.9577043,0.17624059172469278
983,,amenity,53.5515036,9.9567445,0.21282678872381755
984,,amenity,53.5507986,9.9553572,0.18962805544556402
985,,amenity,53.5509895,9.9552901,0.20773086230494164
986,,amenity,53.551367,9.9555546,0.22985892077886577
987,,amenity,53.5508494,9.9552311,0.1996048290633114
988,MKG-Praxis Altona,amenity,53.5511837,9.9504366,0.4957954835665172
989,Balat Kiosk,shop,53.5489805,9.9548955,0.18461787395921947
990,Reeperbahn Textilreinigung,shop,53.5488627,9.9548226,0.19451704314575718
991,,amenity,53.5489674,9.9528838,0.31188895685142776
992,Erden Market,shop,53.5503265,9.9531129,0.2976472500862024
993,Kiez Cut,shop,53.5505402,9.9536214,0.27303822299329095
994,Ph nomy Croque,amenity,53.5487748,9.9547577,0.20282995342694615
995,MM Beauty bei Mina,shop,53.5491115,9.9549481,0.1760441174971673
996,Cane Hairstyling,shop,53.5490541,9.9549179,0.18013933178993974
997,St. Pauli Textilreinigung,shop,53.550528,9.9537192,0.2665130671587332
998,Familie Grünfeld,historic,53.5507934,9.9554141,0.1864843961616261
999,,amenity,53.5473197,9.9561171,0.2728193248219824
1000,Mansoory's,amenity,53.5489206,9.9548101,0.19249732612053763
1001,Zweite Liebe,amenity,53.5467712,9.9578731,0.3203255889085229
1002,,amenity,53.5458411,9.9535502,0.4954953641293107
1003,,amenity,53.5470859,9.9548764,0.33144879663406385
1004,,amenity,53.5458332,9.9547619,0.4595232639355928
1005,,amenity,53.5459441,9.9552232,0.43690762619129053
1006,,amenity,53.5458928,9.9552232,0.4422849499851919
1007,Havi Kiosk,shop,53.5457693,9.9542531,0.4800027364959694
1008,,amenity,53.5480424,9.9581994,0.1844010305008473
1009,,amenity,53.5483477,9.9558633,0.17812855360306623
1010,Hanse Betreung,amenity,53.5471901,9.9539249,0.3590525584155609
1011,,amenity,53.5470251,9.9538164,0.37772857394842857
1012,,leisure,53.5462671,9.9585919,0.38274079097344277
1013,,leisure,53.5459021,9.9558239,0.42961916710506914
1014,,amenity,53.5483183,9.9552921,0.20515770998927094
1015,,amenity,53.5480408,9.9556225,0.21523694316913355
1016,,amenity,53.5480609,9.9556439,0.21258957894538819
1017,,amenity,53.5469564,9.9505584,0.5458135561726339
1018,,amenity,53.5480758,9.9507229,0.47875435208559775
1019,,amenity,53.548032,9.9506464,0.4852571372936566
1020,,amenity,53.5541087,9.9631657,0.6252388100170273
1021,,amenity,53.5540906,9.9625471,0.5996280568751642
1022,Ricebrothers,amenity,53.5454212,9.9647192,0.6725420434682059
1023,,amenity,53.5515301,9.9545648,0.28452984348364546
1024,Sylvin Rubinstein,historic,53.5531269,9.9613733,0.4672025390684528
1025,Restaurant Fives am Fischmarkt,amenity,53.5454737,9.9520227,0.5868393437711757
1026,Fives am fishmarkt,amenity,53.5454788,9.9520729,0.5843547080712114
1027,Nara,amenity,53.5500087,9.9570818,0.04797815570356478
1028,,leisure,53.5481385,9.954825,0.2412374194375331
1029,Olivias Kiez Oase,amenity,53.5509827,9.956985,0.15278967026779872
1030,The Bunny Burlesque,amenity,53.5509127,9.9569505,0.1456744459491173
1031,,amenity,53.5493661,9.9574219,0.030373412108451535
1032,,amenity,53.5493402,9.9573827,0.0335086390436795
1033,Semra Ertan,historic,53.5511187,9.9649461,0.5232967476451781
1034,Galerie offenes Haus,shop,53.5523935,9.9642156,0.543103640746552
1035,,amenity,53.5478163,9.9612278,0.32209869531615093
1036,Nobiskrug,amenity,53.548793,9.9572838,0.0947514499537368
1037,,amenity,53.5484908,9.9572048,0.12877401455840762
1038,,amenity,53.5519165,9.955304,0.29079446213881716
1039,,amenity,53.5518113,9.9551944,0.28439921613012586
1040,,amenity,53.5518525,9.9552961,0.28486766907490874
1041,Fritjis,amenity,53.5527882,9.9564358,0.3569786410167588
1042,,amenity,53.5519014,9.95521,0.29244690888592384
1043,,amenity,53.5518352,9.9552436,0.2849756207916752
1044,Kleine Freiheit Tattoo,shop,53.5522858,9.9565928,0.3001044308637652
1045,,amenity,53.5519125,9.9552619,0.291784731943662
1046,,amenity,53.551428,9.9555432,0.23597483196628818
1047,SM-Club Touch,amenity,53.5477411,9.9617752,0.35593285007931946
1048,,amenity,53.5517476,9.9536069,0.34651045483162557
1049,,tourism,53.5492972,9.9623393,0.3261308585308683
1050,KITA St. Trinitatis,amenity,53.548711,9.9508621,0.4488487909349496
1051,,amenity,53.5490577,9.9504498,0.4686242332914393
1052,,amenity,53.5488739,9.9509689,0.438082441111357
1053,,amenity,53.5487684,9.9507758,0.45300891892573547
1054,,amenity,53.5486643,9.9507097,0.45988308531283795
1055,,amenity,53.5485945,9.9501158,0.4999733992594796
1056,,amenity,53.5486518,9.9503651,0.482425090094474
1057,,amenity,53.5486602,9.950449,0.47679726865236555
1058,,amenity,53.5487538,9.9504915,0.47177116541848746
1059,,amenity,53.5488028,9.9499927,0.5031151664955258
1060,,amenity,53.5488812,9.9499514,0.5042738588311481
1061,,amenity,53.5483601,9.9500522,0.510720019823009
1062,,amenity,53.5489457,9.950584,0.4617334478761333
1063,,amenity,53.5487724,9.9504683,0.47284876437239054
1064,Emil-Wendt-Park,leisure,53.555662406110535,9.953160635991399,0.728295335492836
1065,Antonipark,leisure,53.54630788928615,9.957138287941952,0.37125866622805026
1066,Jüdischer Friedhof Altona,historic,53.550042912423386,9.95005953748718,0.4920716877250466
1067,Spielplatz Silbersackstraße,leisure,53.548721347443994,9.958803053789799,0.13576389893843205
1068,Helios ENDO-Klinik Hamburg,amenity,53.550846014249295,9.954816920708852,0.22040359680315808
1069,,leisure,53.55250714225691,9.952346005769368,0.465282373608453
1070,Walter-Möller-Park,leisure,53.552609912065066,9.952629335183865,0.45996021942132376
1071,,leisure,53.54974706213884,9.951150677798209,0.41786223279709317
1072,Sankt Pauli Kirche,amenity,53.54687920823492,9.956586281995971,0.31240876316371885
1073,Louise-Schroeder-Schule,amenity,53.55370125198071,9.95065534576053,0.6382917197117078
1074,Festland,leisure,53.55415264091981,9.951363819556171,0.6444139234393218
1075,Grundschule St. Pauli und Stadtteilschule am Hafen,amenity,53.54731045771179,9.958856352129,0.2752972355051522
1076,Abenteuerspielplatz Am Brunnenhof,amenity,53.553831717120055,9.958820405845046,0.47542789902153443
1077,Fischmarkt,tourism,53.54581379240543,9.952167062164053,0.5512953538468114
1078,Fischmarkt,amenity,53.545369867631244,9.955116568235484,0.49966658767889516
1079,Hauptkirche St. Trinitatis,amenity,53.548435013225216,9.950527728513945,0.478126084825394
1080,B-you Aktivplatz,amenity,53.54983808122684,9.951637203587094,0.3860793126089082
1081,,amenity,53.55060318259413,9.958122437428827,0.11619864753318333
1082,,leisure,53.55139352577811,9.958403122435158,0.20525180765841533
1083,,leisure,53.55179970000001,9.961297100000001,0.3504260214786843
1084,,leisure,53.551660794836216,9.962149522045305,0.38417027597672443
1085,KulturEnergieBunkerAltonaProjekt,amenity,53.55195123221453,9.951861949677774,0.4511708540703593
1086,,historic,53.548933802169756,9.963400098874889,0.4019497078816539
1087,,historic,53.54895217817861,9.962727785017648,0.35790707969156627
1088,,historic,53.54897539642529,9.96300395235827,0.3752939734644665
1089,,leisure,53.54663868200856,9.963410382833814,0.5171283057341
1090,Hansehof,tourism,53.55093901274689,9.963853954756523,0.44831091955070185
1091,Hansehof,tourism,53.5509360295414,9.96373328629137,0.4406399904197025
1092,,historic,53.55061326676692,9.963312571229682,0.40328595106135146
1093,Empire Riverside Hotel,tourism,53.54729156816811,9.96331378164251,0.4681496277165635
1094,,tourism,53.54696781404883,9.960815285100393,0.3715241257987038
1095,Pastorat,historic,53.54650595,9.956330800000002,0.35646957524360046
1096,Pastorat,historic,53.54661497826864,9.957324410996204,0.33660337005452073
1097,ÜberQuell,amenity,53.54628743135973,9.958408760080756,0.37830032937587516
1098,Gemeindehaus,historic,53.54718192457795,9.957166326801284,0.2740540608016521
1099,,leisure,53.548369520489175,9.957826518504497,0.14338254886705573
1100,,leisure,53.548597150000006,9.955827950000003,0.15818741906592282
1101,,amenity,53.549019677354195,9.95811259365772,0.08158910780198322
1102,,leisure,53.5485286,9.959019000000001,0.16136530943547758
1103,,leisure,53.54870501533985,9.958762162556699,0.13538186845703618
1104,,leisure,53.546139420380094,9.954501972383516,0.4357726034105583
1105,,leisure,53.54662367411973,9.954561466132844,0.3863917239444203
1106,Jugendhaus,historic,53.54711039790198,9.956316053086255,0.29126544271810406
1107,,historic,53.551569539192116,9.96128729434507,0.33286700755430926
1108,Gruenspan,amenity,53.551806518918944,9.95838837900001,0.24915113783635567
1109,,leisure,53.546419334562664,9.958447561288883,0.36429274337070705
1110,,amenity,53.545965125387895,9.955918688362141,0.4212731656801139
1111,,leisure,53.54842018252119,9.961104998943508,0.27748309685983163
1112,Abenteuerspielplatz am Brunnenhof e.V.,amenity,53.554096777534554,9.958813577889725,0.5043369790535928
1113,,amenity,53.54595765027171,9.964946046531702,0.6438475501262152
1114,,leisure,53.55397128390595,9.95456618348916,0.518790894426277
1115,,leisure,53.552101007826415,9.958261710693757,0.2792796656986146
1116,Walter-Möller-Park,leisure,53.55016847361131,9.951676451073679,0.38735522845559567
1117,Alimaus,amenity,53.55076070567193,9.952533397417243,0.34914295764479425
1118,Yeni-Beyazit-Moschee,amenity,53.55080454880729,9.953081960903546,0.3174221862220189
1119,,amenity,53.54916353661185,9.952708381426651,0.3188530884893816
1120,,amenity,53.551614115988926,9.95392882181854,0.32077096134359906
1121,Kapitän-Schröder-Park,leisure,53.54767709362357,9.951707883427083,0.43889675891002755
1122,,leisure,53.5462661976243,9.95250999160746,0.4981816433770391
1123,,leisure,53.54850270651429,9.95123165475855,0.43126483702147644
1124,,leisure,53.54800114209137,9.950034858495156,0.5243373026962667
1125,Paulinenplatz,leisure,53.55445499855601,9.962916499883795,0.6469340955002789
1126,,historic,53.546848817340425,9.965053704953613,0.5918188865981224
1127,,leisure,53.55329878876362,9.951410541201641,0.5712468554362128
1128,,leisure,53.55392945744075,9.9513297731609,0.6267006202642631
1129,,leisure,53.55356340201979,9.95141052930782,0.5926091545575356
1130,U-Bootmuseum,shop,53.54518600548894,9.955397827813716,0.5139095764855518
1131,Helios ENDO-Klinik Hamburg,amenity,53.55080007857199,9.954217200575025,0.250393258069775
1132,,leisure,53.55357282234368,9.952947262465772,0.5300037090704897
1133,,amenity,53.54593480158216,9.959775235358995,0.4400148404970675
1134,Das Ferienhäuschen St. Pauli,tourism,53.5526764,9.9593172,0.3600011806557534
1135,Spielbudenplatz,amenity,53.549566208767594,9.9648581961839,0.49093359428039446
1136,,amenity,53.5533579718999,9.950657718164246,0.6117057808150184
1137,,amenity,53.5514528,9.962099099999998,0.368282997809698
1138,,leisure,53.5463798,9.9570112,0.36384814831391515
1139,,amenity,53.5454942,9.95658575,0.4647987606848695
1140,,leisure,53.55402484462351,9.95235527521134,0.593686275435199
1141,,leisure,53.5540022005751,9.952387228672004,0.5904088963135403
1142,,amenity,53.54976297018725,9.95776895207429,0.025148386183791317
1143,,amenity,53.546951346318814,9.965075058006798,0.5871301286749141
1144,,amenity,53.546381950000004,9.956610399999997,0.3667037121095854
1145,Davidwache,amenity,53.54887674664391,9.962753102236526,0.36142341014939994
1146,,leisure,53.548503102478776,9.953322308892533,0.3015060237917567
1147,,amenity,53.55171114305833,9.950219767048695,0.5319971720527056
1148,,amenity,53.55137596181757,9.955962165057937,0.21714917363367223
1149,,amenity,53.55108224908161,9.956770349913638,0.16693314645002386
1150,,amenity,53.54990440706879,9.956085387553673,0.09532152584360752
1151,,amenity,53.54706046834619,9.95021005469901,0.5592553027245672
1152,,leisure,53.551357696093305,9.959294306867974,0.22697910158562432
1153,,amenity,53.54653465,9.96233065,0.47316119049004607
1154,,amenity,53.55124600000001,9.964175200000001,0.4801687574776988
1155,,leisure,53.55374799761957,9.9513489969061,0.610605847979375
1156,KiTa St. Joseph,amenity,53.551432080867855,9.95688883651732,0.2030951134632804
1157,,amenity,53.55042240299189,9.956216213002621,0.11969629237602208
1158,,amenity,53.55067732297061,9.962171764878441,0.33349001742335044
1159,,amenity,53.55070187812107,9.96229549737333,0.3421299505981081
1160,,leisure,53.54625127608368,9.952377488311145,0.5052386193231283
1161,,amenity,53.54737457831256,9.953034115526819,0.38632586460435814
1162,,leisure,53.54811858210183,9.954234101434846,0.2722430428580116
1163,,leisure,53.54939653468656,9.956275477897755,0.08252231590525085
1164,,leisure,53.54684540092982,9.951961464001032,0.47863872826230813
1165,,leisure,53.54682868647492,9.957140976267576,0.31339202854442016
1166,Bernhard-Nocht-Institut,amenity,53.546823867348174,9.965205255787287,0.6018348456898588
1167,,amenity,53.54707634084591,9.965214895178022,0.5882568366592996
1168,,amenity,53.547035774180316,9.964595802023135,0.5550654723554571
1169,,amenity,53.54700372623651,9.964138341914653,0.5313962046182887
1170,,amenity,53.54697961438171,9.963775001596467,0.5130272607830291
1171,,amenity,53.55103751049307,9.949544088218236,0.5468069457433289
1172,,amenity,53.55093510571781,9.949467688504502,0.5485554793901556
1173,,amenity,53.55133759849555,9.95393645099119,0.3001184731402826
1174,,amenity,53.55150916064452,9.954647529010352,0.2791281704130489
1175,,amenity,53.55232420943889,9.964173844883572,0.5364871865276992
1176,Sankt Joseph,amenity,53.551306485122524,9.957306128759164,0.18590517732141915
1177,,amenity,53.54809660815502,9.95551246850915,0.21442730791396217
1178,,leisure,53.54909578754589,9.955594904946183,0.13713204747170932
1179,,leisure,53.54804851385251,9.95472715426623,0.25286471835901625
1180,,leisure,53.54832814510042,9.954943767969414,0.22116515121761815
1181,,amenity,53.549051675440445,9.957261995014225,0.06650881452946744
1182,,amenity,53.54971024988319,9.953338456605389,0.272795419632831
1183,Mini-Grill,amenity,53.55262349690067,9.962415640072276,0.46753815782976493
1184,,leisure,53.548934045135525,9.95000840677854,0.49959197990328813
