name,category,latitude,longitude,distance_from_center_km
Rio Bravo,amenity,55.6742501,12.5730625,0.45733969801541347
Drop Inn,amenity,55.6763998,12.5733293,0.6095339579110213
Club Mambo,amenity,55.6750928,12.5721856,0.5565133666662833
Cafe Langebro,amenity,55.6691735,12.5802893,0.3266071400639518
Cafe Katz,amenity,55.6760515,12.5750716,0.5163022544177955
Teatermuseet,amenity,55.6747822,12.5786288,0.30728571803304444
Aristo,amenity,55.6692418,12.5791679,0.3115987140795587
Copenhagen Downtown Hostel,tourism,55.6759488,12.5742396,0.5351219121231319
Schrøder Cykler,shop,55.6690046,12.5808011,0.35287747074221326
Knippelsbro,amenity,55.6741811,12.5870225,0.547405505795107
Det Kongelige Bibliotek,amenity,55.6722332,12.5807101,0.09801519407177829
,amenity,55.6736415,12.5715056,0.5153100698203857
Cafe Rabes Have,amenity,55.6701414,12.5862015,0.48921952685668973
Dansk Jødisk Museum,tourism,55.6743653,12.5823025,0.3245657867083848
Café Haraldsborg,amenity,55.6675771,12.5780731,0.5018821986222876
Hiko Pizza & Sandwich,amenity,55.6678829,12.5784998,0.4649232693609786
Isbjørnen,amenity,55.6678361,12.5785286,0.4699472743173452
,amenity,55.6692729,12.5749634,0.40703484773659354
Ludv. Bjørns Vinhandel,shop,55.6717097,12.5753001,0.2475156511378316
Hatoba,amenity,55.6684525,12.5792029,0.399473738470336
Hair by Dahl,shop,55.6691371,12.5801082,0.3283738833420933
,amenity,55.6694533,12.5800867,0.2935207865635331
,shop,55.6713956,12.5743568,0.31247520496677356
,amenity,55.6688777,12.5738807,0.4853946960202301
,amenity,55.6758828,12.5713205,0.6543364426964234
Oscar,amenity,55.6757728,12.5715987,0.6330892090238406
Villa Vino,amenity,55.6764611,12.5713541,0.6966316181161919
TS Smørrebrød,amenity,55.6687378,12.5795676,0.3684752382624278
Men's Room,shop,55.6719266,12.5762163,0.18754127750069946
CPH Living,tourism,55.6701818,12.5800651,0.21413859164531202
Restaurant Viva,amenity,55.6703413,12.5803577,0.20294627093372375
Yilans,shop,55.671445,12.572257,0.4412441513190511
,amenity,55.6738788,12.5744359,0.3624454050913595
myKayak,amenity,55.6710512,12.5781709,0.12745331280955596
,amenity,55.6706445,12.5845792,0.3730121156483792
Lebara,shop,55.6704175,12.5857924,0.45302373264197265
,amenity,55.6710545,12.5725288,0.43327252751146117
,amenity,55.6700364,12.576323,0.28693439291992257
,amenity,55.6730804,12.5713139,0.5089095537384469
,amenity,55.6733239,12.5716211,0.497208523278235
,amenity,55.671319,12.5723828,0.4357873983664035
,amenity,55.6708788,12.5728897,0.416993296992008
,amenity,55.6711889,12.5722111,0.44924336823830074
,amenity,55.6697746,12.5714548,0.5482146892838717
,amenity,55.6706867,12.5733216,0.3988310519163263
,amenity,55.6713296,12.5716264,0.48244971368931744
,amenity,55.6711314,12.5715272,0.49266515314105896
,amenity,55.6711238,12.5724043,0.43899701848061273
,amenity,55.6716457,12.5727382,0.40832893051222113
,amenity,55.6716669,12.5712885,0.49890874732490137
,amenity,55.6709212,12.573732,0.3653398760600513
,amenity,55.6717803,12.5728656,0.39899254457873684
,amenity,55.6715988,12.5714628,0.4886858554445361
,amenity,55.6726372,12.5736729,0.3534398723271422
,amenity,55.6721864,12.5744294,0.29998325912857643
,amenity,55.6710951,12.5768152,0.18278008958494604
,amenity,55.6725608,12.5738339,0.34195270413600604
,amenity,55.6720866,12.5746332,0.2867663467986117
,amenity,55.6688169,12.5792436,0.35891795125284187
,leisure,55.6688537,12.5787272,0.3559985517434478
,amenity,55.6688645,12.5792918,0.35366047964380676
,amenity,55.6689659,12.5793838,0.34253004099464845
,amenity,55.6690215,12.5794234,0.33644327038537825
,amenity,55.6691518,12.5791901,0.3216158051985362
,amenity,55.6691882,12.5787592,0.31871853283146884
,amenity,55.6697381,12.579435,0.25680236948074614
,amenity,55.6741132,12.5830668,0.33577945498212414
,amenity,55.6731029,12.5813979,0.18244936490508548
,amenity,55.6704727,12.5854975,0.433560173019813
,amenity,55.6704675,12.5847292,0.3900544998588849
,amenity,55.6713532,12.5846179,0.3499883717289916
,amenity,55.6708631,12.5840533,0.3328938051213564
,amenity,55.6708328,12.5860864,0.45427781735464334
,amenity,55.6722925,12.5853314,0.38742717199426224
,amenity,55.6756638,12.5816681,0.4324832819835262
,amenity,55.6732967,12.5819792,0.22440311516427922
,amenity,55.6731417,12.5816587,0.19788012967575494
,amenity,55.6729577,12.5816125,0.1834626015346883
,amenity,55.6753719,12.583146,0.44667525491654986
,amenity,55.6749514,12.5847848,0.47847779128896245
,amenity,55.6732014,12.5817217,0.2051282304743245
,amenity,55.6729176,12.5811941,0.15948307371402642
,amenity,55.6757545,12.5819122,0.4475664813069865
,amenity,55.6751767,12.584825,0.4976096318771265
,amenity,55.6746027,12.5846203,0.4450908543850446
,amenity,55.6761665,12.5743564,0.5509192584476882
,amenity,55.6759934,12.57389,0.5521659669984003
,amenity,55.6760083,12.5755774,0.4968056640737196
,amenity,55.6759209,12.575476,0.49117647621338306
,amenity,55.6763145,12.5762961,0.5094961006706377
,amenity,55.6729849,12.5815399,0.18142376901038054
,amenity,55.6735565,12.5730531,0.42141102269448855
,amenity,55.6742068,12.5714518,0.5433455124410002
,amenity,55.6737077,12.5738846,0.38195187914214457
,amenity,55.6752668,12.5852411,0.5234212323643556
,amenity,55.6752393,12.5857017,0.542849482593747
,amenity,55.667685,12.577718,0.4936909289470285
,amenity,55.6738055,12.5737822,0.39292591291594087
,amenity,55.674789,12.576335,0.35483726105322616
,amenity,55.6752244,12.5758762,0.41125537028566933
,amenity,55.6760947,12.5735978,0.5723114455639688
,amenity,55.6761635,12.573482,0.5828326916246431
,amenity,55.6760584,12.5736541,0.5669464201087783
,amenity,55.676191,12.573174,0.5973345485222179
,amenity,55.6763871,12.5713378,0.6915680379236944
Japanspecialisten,shop,55.67337,12.5747649,0.3153301317800835
Vindrose Rejser,shop,55.6739346,12.5736739,0.40611512946887157
Rådhus Smørrebrød,amenity,55.674,12.5735253,0.4178884510858667
No,shop,55.6740581,12.5733862,0.4287309025442706
Tivoli Hallen,amenity,55.6746192,12.5730884,0.4793870881596049
Jaco Sko,shop,55.674853,12.5726306,0.5180549492128448
Funder,amenity,55.6749353,12.5724839,0.5309489549005271
Mojo Blues Bar,amenity,55.6756583,12.5735337,0.537489126314035
Danske Special Rejser,shop,55.6757702,12.57381,0.5357374067940394
Sommerfuglen Strik,shop,55.6760304,12.574421,0.5360641361603101
Zeba,shop,55.676295,12.5743839,0.5619707985852955
Søren's Værtshus,amenity,55.6762328,12.5741939,0.5627355530066276
Restaurant Puk,amenity,55.6761458,12.5739423,0.563849135157895
Vandkunsten Sandwich,amenity,55.6762831,12.5748189,0.5465846409594647
,shop,55.675932,12.574861,0.511766432382694
Bærbart,shop,55.6760984,12.5755727,0.5058792131367383
Buck,shop,55.6764039,12.5744243,0.5708882175146652
Bastard Cafe,amenity,55.6764713,12.5749848,0.5597821001220398
Hair by Pust,shop,55.6765022,12.5741292,0.590038589405787
Bravo Tours,shop,55.676139,12.572698,0.6124216850067704
Chez Elaine,shop,55.6762451,12.5712539,0.6844407840826731
Catho,shop,55.6764446,12.5719733,0.6682775630781395
Det Lille Teater,amenity,55.676293,12.571997,0.6549629370358981
Det Tredje Øje,shop,55.6763359,12.5712565,0.6912758245810544
,amenity,55.6705999,12.5750551,0.30564422068290176
,amenity,55.6686399,12.5808259,0.39235045859673745
,amenity,55.6680025,12.5845269,0.5611458470287634
,amenity,55.6680137,12.5844502,0.5572673477198326
,amenity,55.6682007,12.583396,0.5027935414706126
,amenity,55.6682063,12.5833292,0.5000615253387676
High school,amenity,55.675286,12.5735394,0.5069192231731108
,amenity,55.6696058,12.5815449,0.3089216683446346
,amenity,55.6696139,12.5815843,0.3093304051235979
,amenity,55.6696233,12.5816319,0.3098907494458243
,amenity,55.6697658,12.5809896,0.27741482974931014
,amenity,55.6698114,12.5809627,0.27208969179330356
,amenity,55.6698581,12.5809316,0.26654526171082993
,tourism,55.6698815,12.5807597,0.25987236103694117
,amenity,55.6699025,12.5809026,0.2612890780235093
,tourism,55.6699481,12.5807452,0.25267468554624184
,tourism,55.6699832,12.5806789,0.24746718258380995
,amenity,55.6700264,12.5826513,0.312593020149212
,amenity,55.6700451,12.5826823,0.31247142215265583
,tourism,55.6695134,12.5812602,0.31004519668227337
,amenity,55.6686957,12.5785868,0.3743259120053414
Løve i kamp med en slange,tourism,55.6731507,12.5723853,0.44563759158004795
Havfrue,tourism,55.6729939,12.5822784,0.22141624863385406
Rigsarkivet,amenity,55.6749503,12.582234,0.37633967649564437
Søren Kierkegaard,tourism,55.6745223,12.5809909,0.29864131501107855
Rigskansler Peder Griffenfeld,historic,55.6749671,12.5806206,0.3380377512231066
Dantesøjlen,tourism,55.6731994,12.572978,0.41160618738923915
Byfraktal,tourism,55.6724525,12.5807454,0.10807634533411711
Grubleren,tourism,55.672084,12.5712537,0.4993822482019414
,amenity,55.6701489,12.5746894,0.35291766949407216
,amenity,55.6734802,12.5815763,0.21962270940436585
,amenity,55.6732896,12.5817909,0.21475195815713036
,amenity,55.6731838,12.5819156,0.21356577880984828
,amenity,55.67345,12.5816098,0.21864334494055285
,amenity,55.6731021,12.5820095,0.21316348478647623
,amenity,55.6732178,12.5818727,0.2137050874475691
,amenity,55.6732533,12.5818311,0.21411414575573362
,amenity,55.673062,12.5820524,0.21299814558572197
Højesteret,amenity,55.6764105,12.5786468,0.4877371571370818
,amenity,55.6746068,12.5812862,0.3146897392767803
,amenity,55.6695447,12.5855696,0.48820491409774547
,leisure,55.6680328,12.5778596,0.4539866565171263
,leisure,55.6680962,12.5777324,0.44861869227882817
,amenity,55.6681818,12.5778753,0.43750491171979994
,amenity,55.6681177,12.5780174,0.4429378298793567
,amenity,55.668346,12.5772724,0.42866441554661433
,amenity,55.6686327,12.577757,0.38997896163817936
Taphouse,amenity,55.676199,12.571519,0.668806481750809
Restaurant Tårnet,amenity,55.6762303,12.5804107,0.47275436492716005
,amenity,55.6692882,12.5799674,0.31030829930261905
,amenity,55.6693069,12.5799022,0.30762824793237176
,amenity,55.6753705,12.583325,0.45291968612074096
,amenity,55.675399,12.5832006,0.4510963152659625
Lille Københavner,amenity,55.6720671,12.5737429,0.342751018705877
,amenity,55.6702253,12.5741748,0.3747370196763572
,amenity,55.6702386,12.5741511,0.3751997907724091
,amenity,55.670252,12.5741275,0.3756625098772573
,amenity,55.6707123,12.5755287,0.2737555858871797
,amenity,55.6702455,12.5832944,0.32654498338983207
,amenity,55.6701792,12.583701,0.35143305034371347
,amenity,55.6692085,12.5847501,0.4709669820971979
,amenity,55.6689441,12.5851529,0.5095261960125006
,amenity,55.6690461,12.5860177,0.5437916289953636
,amenity,55.6691005,12.5862332,0.550946515229943
,amenity,55.66975,12.5869968,0.5534639810396967
Ejendomsmægler København,tourism,55.6707189,12.5836686,0.31789551564301455
Kanal Caféen,amenity,55.6743994,12.5767875,0.3030283228154595
Corfitz Ulfeldts Skamstøtte,historic,55.6746079,12.575396,0.3724145481773307
No. 2,amenity,55.6724145,12.5845011,0.3367513337866315
Restaurant Karla,amenity,55.6736846,12.5741057,0.36857160288476165
L'Enoteca di Mr. Brunello,amenity,55.671218,12.574053,0.3359516582723886
Folketing,amenity,55.6759281,12.5809377,0.44657710461341515
Christian IX,tourism,55.675655,12.5788407,0.4030235582235373
,amenity,55.6679657,12.5799901,0.4564553965344196
,amenity,55.6676272,12.5827569,0.5401893681326873
Lillians Smørrebrød,amenity,55.6719238,12.577772,0.09016814345398301
Kayak Bar,amenity,55.675205,12.586764,0.5926323732841081
,amenity,55.6733977,12.5822083,0.24268406721991106
,amenity,55.6726243,12.5840544,0.3128856174710474
,amenity,55.674238,12.5828986,0.33808714611694507
,amenity,55.6741003,12.5831614,0.3391549813597775
Kongernes Lapidarium,tourism,55.6731268,12.5797395,0.12578720692866346
Johan Borups Højskole,amenity,55.6738033,12.577434,0.2252276297423837
Huset-KBH,amenity,55.6764284,12.5747739,0.5620179206572927
Taste of Taiwan,amenity,55.6757602,12.5738292,0.5341112532892901
,amenity,55.6683575,12.5772469,0.42789171441881935
Improv Comedy Copenhagen,amenity,55.675997,12.574759,0.5213110004422418
Roast Coffee,amenity,55.6683381,12.5795336,0.4127760148175286
Vandkunsten,amenity,55.6760886,12.5741407,0.5514143994194036
Bianca D'Alessandro,tourism,55.67336,12.57806,0.16321077781359608
Emmerys,shop,55.6761189,12.5749863,0.5254868920190654
My Thai Kitchen,amenity,55.6680178,12.57954,0.4484114291746842
,amenity,55.6752441,12.5790147,0.35684632037465747
Southern Cross Pub,amenity,55.6752286,12.5724216,0.5543860855875479
Kutteren HM800 Jammerbugt,shop,55.6746826,12.5864384,0.5426882319627027
,tourism,55.6725226,12.5866691,0.4736277501251387
Hiper,shop,55.6702062,12.5856211,0.45326333595244334
Frau und Mäench,shop,55.6733466,12.5748167,0.3112304033855118
GB Antik,shop,55.6715686,12.5713994,0.4930020957126877
Forét Studio,shop,55.6715125,12.5715276,0.48569906166368415
Byens bodega,amenity,55.6716117,12.5723825,0.4309894711737358
Projekt Galleri,tourism,55.6735637,12.576204,0.2530994739072645
Zoi-Tattoo,shop,55.6763149,12.5713399,0.685872250816512
Great Dane Tours,shop,55.6758348,12.5738915,0.5381394996736184
Mammas,amenity,55.6758977,12.5712535,0.6586124169464317
Cafe Glyptoteket,amenity,55.6729778,12.5722135,0.4511968293186325
Arkæologisk Værksted,tourism,55.6739045,12.5722525,0.4833265286048421
Copenhagen Marriott Excecutive Lounge,amenity,55.6687889,12.574102,0.48327908743237363
,tourism,55.6707929,12.5740336,0.352935462745112
,amenity,55.6734786,12.5730445,0.4185130433442713
,amenity,55.6733712,12.573225,0.4035016901403684
,amenity,55.6731737,12.5757762,0.24911195624213092
Pods of Beans,amenity,55.6737027,12.5758978,0.2777736179171635
The Danish Pipe Shop,shop,55.6735434,12.5743928,0.3451174817602632
A Beauty Care,shop,55.6736042,12.5740514,0.3672136689148661
GMI El & Sikring,amenity,55.6739588,12.5736202,0.41040197889484437
,amenity,55.6751594,12.572156,0.5625357080767701
,amenity,55.6755987,12.5717216,0.6146077066686829
,amenity,55.6757976,12.5733507,0.556737131536541
I. W. Hvidberg,shop,55.6755798,12.5732878,0.5414627699631563
Cph down town,amenity,55.6759648,12.574294,0.5345918585381162
Tatoo Fashion,shop,55.6757014,12.5736561,0.536060654027279
Tutein & Koch,shop,55.6759952,12.5723356,0.6163219938994101
De Gode Sager,shop,55.6764966,12.5712936,0.7021177313659319
Stâuan,amenity,55.6763475,12.5761071,0.5172698593784939
,amenity,55.6757577,12.5820512,0.4513121110396766
,amenity,55.6740701,12.5782811,0.23309277317907107
Smör,amenity,55.6745157,12.5745981,0.39927219309371437
Thorshavnsgade 10,amenity,55.6685386,12.580303,0.3961257039476306
,amenity,55.6763283,12.5806039,0.4856025274166143
,amenity,55.6684124,12.5784371,0.4067068459229681
,amenity,55.6761281,12.5747166,0.5350997293846023
Dac Cafe,amenity,55.6721282,12.5793149,0.012529932053894835
Café kopenhag,amenity,55.6716862,12.5725179,0.4216664793301821
Restaurant 1733,amenity,55.6764748,12.5763083,0.525938063330579
Underbroen,leisure,55.6707222,12.5778839,0.1682183761816727
Dansk Arkitektur Center,tourism,55.6719886,12.5790588,0.010081669833597548
Arms Gallery,shop,55.6760261,12.5754166,0.5032616265746912
,amenity,55.6760503,12.5758755,0.492741938259053
,amenity,55.6761601,12.5760637,0.4990595946637375
,amenity,55.6762838,12.5762577,0.5071791767130335
Sculptures,tourism,55.6690564,12.5748816,0.42880955111957253
SATS KBH - Blox,leisure,55.6717271,12.5793239,0.03589390821514196
Blox eats,amenity,55.6724524,12.5793089,0.04646443292040216
Emirates,shop,55.6736795,12.5726944,0.4475887554702245
Asclepius,tourism,55.6764707,12.5791924,0.4932403006675911
Nemesis,tourism,55.6765234,12.5793392,0.4991958331209601
BLOX Parkering (Indkørsel),amenity,55.6722019,12.5778227,0.08789329291034573
BLOX Parkering (Udkørsel),amenity,55.6722218,12.5778573,0.0862548121559495
,amenity,55.6715866,12.5782141,0.07953020877220182
,amenity,55.6715386,12.5781329,0.08687557129409258
,amenity,55.671492,12.5780568,0.09388329960625698
Not Your Usual Wine bar,amenity,55.6762539,12.5716401,0.6676094866105777
The Storm Inn,amenity,55.6741102,12.572452,0.48252775759702005
Den Særlige Klageret,amenity,55.6763775,12.5786456,0.48407751233654495
Wakeup Bernstorffsgade,tourism,55.669055,12.571691,0.5771819211963426
Christiansborg Slotstårn,tourism,55.6762803,12.580424,0.4783831523161572
Zefside,amenity,55.6758545,12.5750111,0.4994469809990472
,tourism,55.6731251,12.5718993,0.47435884424042424
Sædemand,tourism,55.6728018,12.5713838,0.49842815028016285
,tourism,55.6729561,12.5716533,0.4850436144451603
Georg Zoëga,tourism,55.6730389,12.5717746,0.4796364151588472
Christian IV,tourism,55.6760126,12.5824683,0.4879698945495074
,tourism,55.6724186,12.5727227,0.409099055620325
Hammersmed,tourism,55.6725627,12.5729527,0.3967383068179096
Asmus Jacob Carstens,tourism,55.672492,12.5728266,0.40353291306280814
Moderkærlighed,tourism,55.6718166,12.5717966,0.46586846404360827
Sushiya,amenity,55.6679438,12.5794559,0.4564159811330362
Skatteministeriet Kantine,amenity,55.672469,12.585002,0.36878214943301685
,amenity,55.6760333,12.585575,0.5991618618673363
,amenity,55.6759757,12.5863353,0.6277387224601814
,amenity,55.6764794,12.5765174,0.5220337359963223
,amenity,55.6759907,12.5859131,0.6102000835413325
Madkartoteket Cafe,amenity,55.6733354,12.582841,0.2712044857527629
Everest Curry,amenity,55.6677745,12.5792116,0.4749605136272853
HK Danmark,amenity,55.6677567,12.5834297,0.5464784226253242
,amenity,55.6681632,12.5803136,0.43743267023499277
,amenity,55.6680274,12.5804244,0.4535017820755719
,amenity,55.6679864,12.5808904,0.4638731540481877
,amenity,55.6678884,12.5809712,0.4756687622720087
,amenity,55.6681886,12.5802663,0.43416799677997475
,amenity,55.6680559,12.5803597,0.449691737193749
,amenity,55.6678658,12.5810242,0.47890719331062
,amenity,55.6677436,12.5810429,0.49239970850797005
,amenity,55.6679285,12.5810324,0.472261527817385
,amenity,55.6680029,12.5807093,0.4595811282333501
,amenity,55.6678651,12.5808023,0.4758116187324347
,amenity,55.6679419,12.5809975,0.4702795229001465
,amenity,55.6680378,12.5806226,0.45466829455237395
,amenity,55.667823,12.5808501,0.4810362690887924
,amenity,55.6679559,12.5809614,0.46822132158333607
,amenity,55.6681005,12.5805295,0.44668596823286383
,amenity,55.6679794,12.5804969,0.4595621670005989
,amenity,55.6679704,12.5809249,0.46611029928061354
,amenity,55.6731879,12.5713183,0.5114964350782152
TheVan,amenity,55.670169,12.580336,0.22048732130747475
Madkartoteket Cafe,amenity,55.6734093,12.5829385,0.28079856620537674
BLOXHUB,amenity,55.6723057,12.57796,0.08283846801691601
N. F. S. Grundtvig,tourism,55.6754451,12.5719401,0.5930899412017052
,tourism,55.6746186,12.5811221,0.31171359066825216
Netto,shop,55.6721479,12.5729152,0.3949977930980307
Taleren Demosthenes,tourism,55.6742512,12.582672,0.3295057989528587
,amenity,55.675644,12.5713232,0.6371414652201274
,amenity,55.6756024,12.5713272,0.6340390546682707
,amenity,55.6755858,12.5712843,0.6349969127344566
Svajerbar,amenity,55.667841,12.57367,0.5824561587459537
Beauty Tan,shop,55.6675657,12.5789412,0.4984516083035315
Churros,amenity,55.6732954,12.5714839,0.5045953496975072
Madkartoteket Salon,amenity,55.6731658,12.5821955,0.2268357283433576
,amenity,55.669984,12.5828217,0.3234794181343622
,amenity,55.6699673,12.5827987,0.323781624090968
Miss POKE,amenity,55.6679633,12.5794699,0.45427968647625977
,amenity,55.6758586,12.5755238,0.48364525398087
,amenity,55.6753099,12.5759941,0.4158509241835582
,amenity,55.6752881,12.5760256,0.41276848383236747
,amenity,55.6752997,12.5759761,0.415407385815865
The exact hair,shop,55.6763296,12.5747748,0.5524547099548547
,amenity,55.6764952,12.5791748,0.49596894402479647
,amenity,55.676415,12.579201,0.48703935072126
,amenity,55.6765194,12.579394,0.4988273285565979
Neptun,tourism,55.6759651,12.5826893,0.4892793247642329
Merkur,tourism,55.6757347,12.5825519,0.4624973154133583
,amenity,55.6752231,12.5857753,0.5451788593306848
,amenity,55.675192,12.5859248,0.5501465191232175
,amenity,55.675216,12.5858155,0.5465919275693722
,amenity,55.6752034,12.5858747,0.5485362577723221
,amenity,55.6750571,12.5863971,0.5642817816184823
,amenity,55.6750432,12.5864159,0.5643146281019396
,amenity,55.6701136,12.5840638,0.37425326996009817
,amenity,55.6701091,12.5840902,0.3759019916030358
,amenity,55.6699968,12.5843486,0.39639176502059903
,amenity,55.6699733,12.5843523,0.3980894100824427
,amenity,55.6699608,12.5843549,0.3990288972254131
,amenity,55.670242,12.5833131,0.327714278220283
,amenity,55.6716922,12.5826827,0.22315089517317002
,amenity,55.6716538,12.5826228,0.22023610078527767
,amenity,55.6726957,12.5841769,0.3221354140630888
,amenity,55.6724065,12.5842653,0.32192000656002123
,amenity,55.672316,12.5844318,0.3312303718401481
,amenity,55.6721398,12.5847603,0.3506513975798173
,amenity,55.6720571,12.5849117,0.36000828199473867
,amenity,55.6717999,12.5854041,0.39190322784702886
,amenity,55.6717148,12.5855711,0.40312902037703224
,amenity,55.6713702,12.5862301,0.4492038210121937
,amenity,55.6712968,12.5863712,0.45936380162544616
,amenity,55.670928,12.58707,0.5110481522068351
,amenity,55.6730169,12.5846922,0.36285516554682423
Folketingets Vin & Tobak,shop,55.675576,12.58177,0.42578266873413256
,amenity,55.6733303,12.5769452,0.2014248281770213
,amenity,55.6731072,12.579452,0.11989973766322072
,amenity,55.6751047,12.5762068,0.3893830032241245
,amenity,55.67395,12.5776248,0.23430017083394275
,amenity,55.6746678,12.5767478,0.3304187027363416
,amenity,55.6750872,12.5762237,0.3871633962418946
,amenity,55.6748373,12.5775463,0.3281108216134882
,amenity,55.6731894,12.5793544,0.12833082304151594
,amenity,55.6732572,12.5764764,0.21795281253060755
,amenity,55.6745681,12.5768427,0.3178152130831119
,amenity,55.6751027,12.5762508,0.3878603442023133
,amenity,55.6750269,12.576318,0.3784264018604264
,amenity,55.6730263,12.5795453,0.1120071947123858
,amenity,55.6737,12.5779148,0.20143350249568678
,amenity,55.6730008,12.5795126,0.10882434807148056
,amenity,55.6745802,12.5768264,0.3194847830798654
,amenity,55.6751151,12.5762275,0.38977335642049016
,amenity,55.6743328,12.577174,0.2850010630669093
,amenity,55.6746773,12.5767302,0.3318703926506202
,amenity,55.6743633,12.5771024,0.29005794292365394
,amenity,55.6745515,12.5768776,0.3151601686065184
,amenity,55.673416,12.5771874,0.19831944482664735
,amenity,55.6752327,12.5760912,0.4053751600055103
,amenity,55.6740735,12.5774739,0.2507832903449635
,amenity,55.6734675,12.5773282,0.19739684055271606
,amenity,55.6743738,12.5770859,0.2915706220538153
,amenity,55.667716,12.5768095,0.5042358768576362
,amenity,55.6685956,12.5779749,0.39108854198495235
BLOX ALIVE,tourism,55.6706813,12.5811769,0.19628555314373003
,amenity,55.6706484,12.5811363,0.19752942768815396
,amenity,55.6706277,12.581099,0.19790981778491837
,amenity,55.6706069,12.5810692,0.1986335315157901
,amenity,55.6697303,12.5794509,0.25773099536238997
,amenity,55.6689868,12.5821818,0.3886218555263946
,amenity,55.6690153,12.5820299,0.3812771585082905
,amenity,55.6714094,12.5841356,0.3190081370989368
,amenity,55.6678906,12.5737581,0.57471845456644
,amenity,55.6676983,12.5794874,0.4838041820783267
,amenity,55.6677104,12.5795011,0.48249222417440546
Altinget,amenity,55.673836,12.576292,0.2705752517303574
Ubbes Vinhandel,shop,55.6746149,12.5763935,0.33632350911554376
Kaffedrønet,shop,55.670444,12.586901,0.5167149007429346
Mini Marked,shop,55.6703881,12.5859332,0.46245386893904716
Copenhagen Marriott Shoppen,shop,55.6687619,12.5740564,0.48743180476488773
Bravissimo,amenity,55.668802,12.579718,0.3620878968602173
Simply Wine,shop,55.6688252,12.5796955,0.35938783335160496
Elite Købmand,shop,55.6762859,12.5713793,0.6818472692547397
Bazar Isen,amenity,55.6735271,12.5712535,0.5260767560172384
,amenity,55.6741875,12.5713237,0.549641608263802
,amenity,55.6741641,12.571376,0.5455463388076391
Damindra,amenity,55.6762609,12.57426,0.563031296280135
Danske Sprogforskere,tourism,55.6732573,12.5736695,0.37283505644493964
Frisør Gabriela,shop,55.6688872,12.5807178,0.3639975497162573
Talerstol,tourism,55.6756773,12.5713294,0.6391804579683823
Danhostel Copenhagen City Morgenmadsbuffet,amenity,55.6710017,12.5765664,0.20156761540009863
La Bonita,amenity,55.6750582,12.5722086,0.553019463936599
,amenity,55.6742097,12.5748298,0.36550102513264665
,amenity,55.6757183,12.5714087,0.6382464808847168
,amenity,55.6757292,12.5713794,0.6404391292500446
,amenity,55.675743,12.5714055,0.6401681432510065
,amenity,55.6757324,12.5714341,0.6380315871824287
Siddende Løve,tourism,55.6728497,12.5729929,0.40019716748814044
,amenity,55.6757016,12.5826744,0.4628237124439327
Islands Brygge Cykler,shop,55.6676584,12.5782733,0.4912834204502065
,amenity,55.6744168,12.5811685,0.2923876536641524
,leisure,55.6710589,12.5784454,0.11890879620026952
Carl Nielsen,historic,55.6732462,12.5782464,0.1467833416468496
Anne Marie Carl Nielsen,historic,55.6732492,12.5782434,0.14716516134914978
Herman Wilhelm Bissen,historic,55.6732818,12.5782042,0.1514844409642263
,amenity,55.6725484,12.5789875,0.05796651855521344
,amenity,55.6744807,12.572645,0.4933505555972981
,amenity,55.675199,12.5866689,0.5874317721764337
,amenity,55.6721646,12.5718925,0.4593727908236985
,amenity,55.6721922,12.5718234,0.46382017901725864
,amenity,55.6721837,12.571812,0.46450359717408296
,amenity,55.6721754,12.5717969,0.4654224426866096
,amenity,55.6721464,12.5718678,0.460870030419818
,amenity,55.6721565,12.571882,0.46000699740992407
,tourism,55.6722825,12.5719581,0.45583369514042177
Fatamorgana,tourism,55.6734403,12.5715096,0.5077581454000534
,amenity,55.6749584,12.5809784,0.34379987645555
,amenity,55.674974,12.5810237,0.3463803591703071
,amenity,55.6749892,12.5810666,0.3488806518675826
,amenity,55.6749199,12.5808718,0.337590563754435
,amenity,55.674902,12.5808299,0.33487708028150426
,amenity,55.6748883,12.5807973,0.3327973447213253
,amenity,55.6746869,12.5804735,0.30550398848313737
,amenity,55.6746686,12.5804898,0.3038139158883295
,amenity,55.6750379,12.5815958,0.3664396210285419
,amenity,55.6749604,12.5816954,0.3612890944675482
,amenity,55.6748806,12.581784,0.3558380052847208
,amenity,55.6746744,12.5816652,0.3320322858938052
,amenity,55.6746515,12.5816798,0.330217472083992
,amenity,55.6746249,12.5816759,0.3274961462324526
,amenity,55.6744252,12.5811221,0.29200683803134514
,amenity,55.6744441,12.580752,0.28508037838234823
,amenity,55.6744197,12.5807785,0.283116110738746
,amenity,55.6745837,12.5809509,0.3040512234176443
,amenity,55.6746126,12.5809761,0.3076254896393221
,amenity,55.6741927,12.5810285,0.2660745872177582
,amenity,55.6741723,12.581051,0.2646542863186039
,amenity,55.6748033,12.5815025,0.3402715388378443
,amenity,55.6747918,12.5815479,0.3403498682458893
,amenity,55.6747591,12.5815634,0.33750731195395905
,amenity,55.6747331,12.5819572,0.34667091634737657
,amenity,55.674659,12.582041,0.34229538140739996
,amenity,55.6745865,12.5821268,0.3383647528579149
,amenity,55.6732476,12.5735046,0.3821387250455204
,leisure,55.6729194,12.5762755,0.20785868108484545
,leisure,55.6729391,12.5761267,0.21716530595227507
,leisure,55.6730599,12.5759118,0.23543128319848508
,leisure,55.6730616,12.5759831,0.23160378475436028
,leisure,55.6731808,12.5757472,0.25108573920908567
,tourism,55.672026,12.5721372,0.443772154739809
,amenity,55.6728492,12.5764366,0.19524811767998396
,amenity,55.6728606,12.576413,0.19715147466249744
Espresso House Scandic Spectrum,amenity,55.669141,12.572862,0.5125996722778499
Shop Spectrum,shop,55.6695418,12.5736676,0.4451289586529467
Bronx Burger,amenity,55.676098,12.5746729,0.5337115724438686
Red Dante – Fuck Q-parks p-kælder,tourism,55.6736604,12.5736579,0.3920286142633898
Café Spirrevippen,amenity,55.6742884,12.5725878,0.4849718590164008
Nationalmuseets Museumsbutik,shop,55.674962,12.5760334,0.3811115797781203
Viet Restaurant - Bubble Tea & Bingsu,shop,55.6742339,12.573179,0.45019689145568786
Magstræde 16 og 18,amenity,55.6763328,12.5751126,0.5423929979687787
,amenity,55.672616,12.5788774,0.06702652156732578
Husets Biograf,amenity,55.6764227,12.574728,0.5629010940857004
,amenity,55.6731465,12.5850535,0.3889282147658366
,amenity,55.6730656,12.5849156,0.37789111865664315
,amenity,55.6696206,12.5868264,0.550872138829294
,amenity,55.6695669,12.5867929,0.5519932695266571
Vital Foods,amenity,55.6763552,12.5737138,0.5911690388578839
,amenity,55.6701849,12.5742032,0.37568814036317244
,amenity,55.6701542,12.5743172,0.3716389319580832
,amenity,55.6700937,12.5742998,0.37638119512160206
,amenity,55.670082,12.5744252,0.37072313575407784
,amenity,55.6700351,12.5744876,0.3706767676769169
,amenity,55.6699822,12.5745231,0.3724905326548178
,amenity,55.6698646,12.5745841,0.37773306396929296
,amenity,55.6698774,12.5746123,0.3754576406429963
Carambar,amenity,55.6751234,12.5721095,0.5623853332245943
Polititorvets Arrest,amenity,55.6706874,12.5725731,0.4427661278283686
,leisure,55.668927,12.5753292,0.42329767372097715
,leisure,55.6714386,12.5861201,0.44115902373060795
,leisure,55.6712115,12.5865348,0.47126080289634453
,amenity,55.6734489,12.5751671,0.2977569394751644
GLS Pakkeshop Islands Brygge,amenity,55.6690468,12.579963,0.33683539224049147
,amenity,55.6689097,12.572059,0.568189684171049
,amenity,55.6763125,12.5730774,0.6116624847227388
,amenity,55.6747532,12.5746034,0.4177298696584715
,amenity,55.6750018,12.5713509,0.5932721805752504
Formverk,shop,55.6683427,12.5799996,0.4148366050581887
,amenity,55.6759434,12.5755143,0.4922445378323993
,amenity,55.6730191,12.5819453,0.2047507507628859
,amenity,55.6731067,12.5723488,0.44651748440683225
,amenity,55.6730661,12.5724353,0.4400789582663994
,amenity,55.6728424,12.5728826,0.40678291773109654
,amenity,55.6728855,12.5727966,0.4131297991760116
,amenity,55.6716957,12.5718279,0.464820290565164
,amenity,55.6717879,12.5719716,0.45506003497131503
,amenity,55.6718309,12.5719921,0.45350085581426125
,amenity,55.672143,12.571401,0.49022311673696306
,amenity,55.6721552,12.5713743,0.491935936996647
,amenity,55.6721774,12.5713303,0.49477332203777913
,amenity,55.6722078,12.5712694,0.4987180904607785
,amenity,55.6679646,12.5781032,0.45891836545688847
,amenity,55.6685534,12.5788044,0.3889969612090575
,amenity,55.6687202,12.5791114,0.36970150208537894
,amenity,55.6682042,12.5777598,0.4364965849452404
Bryggen11,amenity,55.6680927,12.5786615,0.4407882556264891
,amenity,55.6762741,12.5734204,0.5949361023042542
,amenity,55.6696379,12.5816716,0.30973188083106346
,amenity,55.6697324,12.5843807,0.4155779746437938
,amenity,55.6696226,12.5844075,0.4245491702911526
,amenity,55.669473,12.5844154,0.43567638853771795
,amenity,55.6694508,12.5844194,0.43749139623245054
,amenity,55.6692813,12.5846271,0.45979211431110917
,amenity,55.6690883,12.5849285,0.48827130427519233
,amenity,55.6689791,12.5857564,0.5356140147263716
,amenity,55.668987,12.5857991,0.5371321497309984
,amenity,55.6689977,12.5858293,0.537853513312197
,amenity,55.6690535,12.5860533,0.5450599447640891
,amenity,55.6690606,12.5860831,0.546066110683341
,amenity,55.6692893,12.5865628,0.5559082679830076
,amenity,55.6694408,12.5866862,0.5533975659221401
,amenity,55.6695168,12.5867412,0.5519949665960555
,amenity,55.6696836,12.5868825,0.5505761211028436
Mama Esma's,amenity,55.6686646,12.5794569,0.3762333339946751
,amenity,55.6712157,12.5763828,0.19908163768629453
,amenity,55.6715955,12.5756566,0.22778284019657558
Manelleh,shop,55.6690898,12.5806786,0.34160898465087625
,amenity,55.6716047,12.5747486,0.2836419271359071
,amenity,55.6710671,12.5729319,0.4084126912132975
,amenity,55.6718113,12.5725198,0.4204721896308123
Mona Lisa Thai Massage,shop,55.6715832,12.5746534,0.2899562804779358
,amenity,55.671879,12.5725246,0.4197800231004159
,amenity,55.6709844,12.5741094,0.34062051125680864
,amenity,55.6715483,12.5718858,0.46284562850378635
Lido cph,amenity,55.6722952,12.577013,0.13988726281286049
Dhaba Indian kitchen København,amenity,55.6728729,12.5744331,0.31332721407500663
,leisure,55.6729008,12.5845119,0.34827441508738166
,tourism,55.6730536,12.5801293,0.1273367358467352
,amenity,55.6764692,12.5764956,0.521403114811081
,tourism,55.6730987,12.5802545,0.1355199831965236
,tourism,55.6730673,12.5801711,0.1299184889142766
,amenity,55.6764931,12.5765488,0.5228466910075596
,tourism,55.673125,12.5803057,0.1396641153245054
,amenity,55.676431,12.576448,0.5183720659822477
,amenity,55.6751114,12.5762267,0.3894357230257834
,amenity,55.6742533,12.5870272,0.5512168724223874
,amenity,55.6720965,12.5838731,0.29472054937584025
,amenity,55.6720802,12.58391,0.2970092957909153
,amenity,55.6711742,12.57827,0.11249132142095407
,amenity,55.6710731,12.5781247,0.12686393368121374
,amenity,55.6710797,12.5781445,0.12558355453136053
,amenity,55.6708615,12.5780897,0.14840631226428433
,amenity,55.6708635,12.5780769,0.14858735183934232
,amenity,55.670455,12.5771003,0.2201153977113909
,amenity,55.6703825,12.5769687,0.23154248447463333
Boutique Emilia,amenity,55.6759052,12.5749447,0.5064457479180747
Fred's,amenity,55.6762534,12.5730024,0.6095630850463915
Original Coffee Vandkunsten,amenity,55.6763041,12.5744318,0.5612115966378414
Severin,amenity,55.6760146,12.5753174,0.5051140321873645
Himitsu,amenity,55.6764338,12.5747092,0.5645623033560141
The Black Diamond Café,amenity,55.6731451,12.5823016,0.231195990931818
,leisure,55.6730844,12.5823558,0.23061215808551516
Mar-k Waterside,amenity,55.670626,12.5807653,0.18607759846402147
Bryggen 11 Is og café,amenity,55.6681594,12.578809,0.43277032935763116
Nordbo bar,amenity,55.6695583,12.5737655,0.4391786161455913
Restaurant Nordbo,amenity,55.6695046,12.5736723,0.447499734597344
Københavns Politi Hittegodskontor,amenity,55.6702299,12.571637,0.5162378765361875
Jade,amenity,55.673828,12.5726203,0.45877565816734117
,amenity,55.6692584,12.5726363,0.5157528547509983
Københavns Rådhus,amenity,55.675290583735425,12.570270994664602,0.6677164712379682
Københavns Politigård,amenity,55.670703737551236,12.572290551021617,0.4589303654693786
Ny Carlsberg Glyptotek,tourism,55.672535022451626,12.57196274544307,0.4580639227165973
Nationalmuseet,tourism,55.6746579492505,12.574714222386927,0.405252155786758
,leisure,55.676582486150686,12.584128929985933,0.5935266033207226
Thorvaldsens Museum,tourism,55.676748452576554,12.578399899100784,0.5265166295004707
Det Kongelige Bibliotek,amenity,55.673759169628205,12.582488613291176,0.28228845837172684
Christianshavns Vold,leisure,55.67326822723817,12.598509309971076,1.2232088416328943
Scandic Spectrum Hotel,tourism,55.66956667626314,12.573584391101438,0.4475181228106684
Børsen,tourism,55.67539822243588,12.584533903528104,0.5027875314383946
Copenhagen Marriott Hotel,tourism,55.66854187637271,12.57371240599129,0.5201216785844446
Krigsmuseet,tourism,55.67426156822196,12.580306967461558,0.2570753422669714
Det Kongelige Biblioteks Have,leisure,55.6746431784501,12.581297131263183,0.3186571447699327
Børsen,historic,55.6756183970759,12.58359424285528,0.48524616514099644
Enveloppeparken,leisure,55.66826716856443,12.592272448808645,0.9241854978845848
Christian 4.s Bryghus,historic,55.673199137008936,12.579793412396759,0.1344671002319733
Danhostel Copenhagen City,tourism,55.67096360240963,12.576524483521085,0.2061708426675227
Christiansborg Slot,tourism,55.67571620539782,12.579053022805725,0.40932879146754797
Christians Kirke,amenity,55.67235336335969,12.587168040961359,0.5031779149812168
,amenity,55.67025975645075,12.576484398147844,0.26132595858350377
,amenity,55.669061441285926,12.571456200088392,0.5889174285511843
,amenity,55.66696101171804,12.57026400820382,0.7970525064916257
Glyptotekshaven,leisure,55.672102726530184,12.571232335346675,0.5007508367354493
,amenity,55.67017001078814,12.587069354088682,0.5377380250348505
Færøsk Pakhus,historic,55.67355395,12.5790074,0.16889292211390575
,amenity,55.6734929911542,12.573445167505195,0.395990507907343
Arken,tourism,55.66962645022694,12.579323663255192,0.2689015995278063
,amenity,55.673007150000004,12.5814643,0.17904674526812436
Nobis Hotel Copenhagen,tourism,55.67239483804071,12.573490206740814,0.36079948824133473
Hotel Danmark,tourism,55.674707918665746,12.573028425081006,0.48835697237438613
Motel One Copenhagen,tourism,55.675282127406255,12.5727006273307,0.5449455288079675
,tourism,55.675838816541386,12.572861924557653,0.5808257686018294
,amenity,55.66924796772999,12.579924323215991,0.31432259147744007
Hovedbrandstationen,amenity,55.67464655426552,12.571528701438815,0.5626259383286512
Københavns Museum,tourism,55.67437503491167,12.572495567414776,0.49494782644348656
,leisure,55.67033604407718,12.587222995290757,0.5398913351270946
,amenity,55.66838121635122,12.578462843058997,0.4099712978202677
,leisure,55.66870928101342,12.578809924359119,0.3716546734312204
,leisure,55.66880634700106,12.578604480740182,0.36195765040883804
Holmens Kirke,amenity,55.676608270825376,12.583570758577745,0.5784409415883763
,leisure,55.66816374118473,12.577866476659409,0.43958424986977584
,leisure,55.6681014945803,12.577995156287717,0.44495134283764226
,leisure,55.66836024644387,12.577402853520379,0.4248967064959994
,leisure,55.66854729999999,12.577636550000001,0.4010152837109359
Vartov Valgmenighedskirke,amenity,55.67554823538114,12.572587270232955,0.5701778973521656
,amenity,55.66944137557611,12.57940764343325,0.2896992430240939
Kajakpolo Islands Brygge,leisure,55.66754155886749,12.576293462691131,0.5330247461269684
,amenity,55.670252252136315,12.571320650713938,0.5336857496186165
,leisure,55.67332355231294,12.58065199318396,0.16990157112555554
GoBoat,amenity,55.66911687645543,12.578541073636867,0.3280558680587763
Christiansborg Ridebane,leisure,55.675307281110555,12.577899807743927,0.3726599550745306
Tivoli,tourism,55.67349351495919,12.568534131755044,0.689702717352302
,leisure,55.67318034007522,12.573028374674786,0.4079325714394813
,amenity,55.66723872669356,12.58509933816201,0.6512039633413245
,amenity,55.667696460483654,12.585893141259607,0.6417261213544853
,amenity,55.66744794879693,12.58689612977973,0.7046731231911957
,amenity,55.6760791940508,12.58581242900966,0.6130162101858327
Kalvebod Bølge,tourism,55.66857857416798,12.574848382601836,0.47243600904539973
,leisure,55.66756723547889,12.580030957205134,0.5008371554476965
,leisure,55.66770013482334,12.58033838422341,0.4886099829380202
,leisure,55.667466700000006,12.5801828,0.5130445331203806
,amenity,55.67525981221087,12.584428674784498,0.48693260226324475
,amenity,55.67549781064591,12.583267402458013,0.4625739616947477
,amenity,55.675402863675,12.583104378667345,0.44809731046357937
,amenity,55.67527705955618,12.58362867594423,0.4558915541364756
,amenity,55.675015830446476,12.584601552706959,0.4750346471675103
,amenity,55.67098429999999,12.582892949999998,0.2609807437186261
,leisure,55.670855543849434,12.585177291868328,0.3991531788483167
,amenity,55.67120843057614,12.583286342787368,0.2738818359935472
Havneparken,leisure,55.66590104065694,12.574864187124055,0.7357488742294878
,amenity,55.66822623666604,12.572893981672742,0.5807680998794041
,amenity,55.67602801897734,12.579889548005985,0.446129753707667
,amenity,55.67570183509768,12.578933271778757,0.4079581384763414
,amenity,55.672975300000004,12.581806750000002,0.19477579953684165
,amenity,55.67315440000001,12.580718449999999,0.1569313835176176
,amenity,55.67290850000001,12.58165505,0.18273776307328576
,amenity,55.67292139999999,12.5817595,0.18908847528461803
,amenity,55.67027675194125,12.586234254518173,0.4847807121720357
,leisure,55.672631575144926,12.586880655463133,0.48834121229572997
,leisure,55.675691379535664,12.578300955720872,0.41030549338137734
,leisure,55.675367029917716,12.578671422558905,0.3717971091918108
,amenity,55.674778103625286,12.571236795417223,0.5859218830210178
Fatamorgana,tourism,55.67343980159404,12.571522115204752,0.5069917169474083
,amenity,55.67086671737427,12.584701823131363,0.37060879623815185
,amenity,55.668091168217565,12.579215196836582,0.4397049200054773
,amenity,55.66826006743515,12.579261434883941,0.4209214910078769
,amenity,55.67374333484935,12.57875059431519,0.19159273069791655
,amenity,55.67140975,12.578593550000003,0.0796270074724936
,amenity,55.67163604748306,12.579069602833997,0.04566387418606224
,amenity,55.67136844954987,12.577794434955086,0.11536983927997443
,amenity,55.67139233753194,12.577832318835716,0.11183157675555452
,amenity,55.67141429529615,12.577871189134253,0.10838601863996704
,amenity,55.671439412422416,12.577911756686696,0.10463401960665432
,amenity,55.67146267166856,12.57795095810623,0.10108247581848943
,amenity,55.67148548595976,12.577989275230944,0.09760717707770247
,amenity,55.67150924110647,12.5780279098483,0.09405243035051088
,amenity,55.671532666461005,12.578066757195263,0.0905131245155529
,amenity,55.6715557293956,12.578105456950775,0.08700900517577549
,amenity,55.67157878082371,12.578143768978329,0.08352782185559639
,amenity,55.67160201194175,12.578182587508511,0.08001267067752667
,amenity,55.671625582318626,12.578221620726731,0.07646784624668335
,amenity,55.67149550981995,12.578005342182617,0.09611834840952296
,amenity,55.67168275,12.579038850000002,0.040951538892063814
,amenity,55.67219335488991,12.57787424397645,0.08452457855246881
,amenity,55.67211535027791,12.578151907215892,0.06585255001392375
,amenity,55.668434582445066,12.579605607962732,0.40231821843059146
,amenity,55.66836743439548,12.579581722099968,0.4096855379180509
,amenity,55.67534744690554,12.580164175218545,0.3732477640110561
,amenity,55.675664837201204,12.580888228545549,0.4174236692165556
Kalvebod Bølge Badezone,leisure,55.66893812956036,12.575779794410296,0.4066342599838171
Kalvebod Bølge,leisure,55.66789559999208,12.573588866596838,0.5806720832732308
,tourism,55.67205301075486,12.578271995420897,0.05778400837561059
,amenity,55.67577674917447,12.57552940991601,0.4754845015185087
,leisure,55.66866900914514,12.57757571619319,0.388869809354581
,leisure,55.66873397674361,12.577865692769837,0.3774490461214286
,amenity,55.66832313987344,12.577725815946094,0.42400715785473764
,leisure,55.66840200934711,12.57783098929653,0.41402292774456345
,leisure,55.66848590000001,12.577940600000002,0.4034884491669676
,leisure,55.668150665391806,12.579284850247632,0.43311895587786253
,amenity,55.67502186873792,12.571419985672101,0.5909155376150419
,leisure,55.66940616967284,12.57611335909044,0.3514275417396638
,tourism,55.67611875511429,12.577171465690563,0.4714844024766112
,amenity,55.673378043232425,12.573325961688013,0.39788431592378876
,amenity,55.67198538009106,12.576954893938193,0.1407733029548293
,amenity,55.67007959480735,12.586970731016267,0.5360431468227067
,amenity,55.6723821596989,12.578688954177368,0.04940881507425075
,amenity,55.66877240000001,12.571734899999997,0.5936731340861665
,amenity,55.670188669593564,12.574028756934894,0.3846779640631673
,amenity,55.67211493694374,12.577122800117655,0.13033832631201006
,amenity,55.67206725908001,12.577047379233003,0.13485306127571128
,amenity,55.67204266634487,12.577081398780543,0.13267989614176923
,amenity,55.67209029050787,12.577156822229473,0.12805399369264625
,amenity,55.67206652634668,12.577119370310022,0.13032268322592297
,amenity,55.67209099781647,12.577085073379079,0.13256766246966617
,amenity,55.67211425739962,12.577196412219928,0.12571140384063886
,amenity,55.67201902272144,12.577044226700897,0.13503976077810864
BLOX Legeplads,leisure,55.67218011491455,12.578478887095592,0.04737233952441059
,leisure,55.673549189569535,12.582930938810968,0.2891593010346649
,leisure,55.67331790716271,12.582304564566067,0.24212990778582275
,leisure,55.67326940833878,12.580497540345167,0.15964755231410688
,amenity,55.6734923,12.581514799999999,0.21799283108533907
,leisure,55.67255745601246,12.578164852557899,0.08645216329584712
,leisure,55.672792662931265,12.578434663294944,0.09629175928115248
,amenity,55.67589668634964,12.57534591339485,0.49277219893107976
Dyppezone Kalvebod Bølge,leisure,55.66894139062794,12.575595757860587,0.41255866209558184
Fritløbsområde Christianshavn Vold,leisure,55.6694527526335,12.58504266578884,0.46756751977017375
Legepladsen på Christians Brygge,leisure,55.6711299146043,12.578138152218116,0.12107479212546537
,amenity,55.66849181014619,12.578916376209177,0.3954715359627816
,amenity,55.672797996435975,12.575579841354283,0.24230626236097763
